date,building_name,user_id,user_type,cluster
2024-04-11,DU_5,b87be67b-8133-4b7f-a045-c06da08b5416,consumer,C2
2024-04-12,DU_5,b87be67b-8133-4b7f-a045-c06da08b5416,consumer,C1
2024-04-13,DU_5,b87be67b-8133-4b7f-a045-c06da08b5416,consumer,C2
2024-04-14,DU_5,b87be67b-8133-4b7f-a045-c06da08b5416,consumer,C2
2024-04-15,DU_5,b87be67b-8133-4b7f-a045-c06da08b5416,consumer,C3
2024-04-16,DU_5,b87be67b-8133-4b7f-a045-c06da08b5416,consumer,C0
2024-04-17,DU_5,b87be67b-8133-4b7f-a045-c06da08b5416,consumer,C3
2024-04-18,DU_5,b87be67b-8133-4b7f-a045-c06da08b5416,consumer,C1
2024-04-19,DU_5,b87be67b-8133-4b7f-a045-c06da08b5416,consumer,C1
2024-04-20,DU_5,b87be67b-8133-4b7f-a045-c06da08b5416,consumer,C1
2024-04-21,DU_5,b87be67b-8133-4b7f-a045-c06da08b5416,consumer,C3
2024-04-22,DU_5,b87be67b-8133-4b7f-a045-c06da08b5416,consumer,C2
2024-04-23,DU_5,b87be67b-8133-4b7f-a045-c06da08b5416,consumer,C3
2024-04-24,DU_5,b87be67b-8133-4b7f-a045-c06da08b5416,consumer,C3
2024-04-25,DU_5,b87be67b-8133-4b7f-a045-c06da08b5416,consumer,C3
2024-04-26,DU_5,b87be67b-8133-4b7f-a045-c06da08b5416,consumer,C1
2024-04-27,DU_5,b87be67b-8133-4b7f-a045-c06da08b5416,consumer,C3
2024-04-28,DU_5,b87be67b-8133-4b7f-a045-c06da08b5416,consumer,C3
2024-04-29,DU_5,b87be67b-8133-4b7f-a045-c06da08b5416,consumer,C2
2024-04-30,DU_5,b87be67b-8133-4b7f-a045-c06da08b5416,consumer,C2
2024-05-01,DU_5,b87be67b-8133-4b7f-a045-c06da08b5416,consumer,C0
2024-05-02,DU_5,b87be67b-8133-4b7f-a045-c06da08b5416,consumer,C2
2024-05-03,DU_5,b87be67b-8133-4b7f-a045-c06da08b5416,consumer,C2
2024-05-04,DU_5,b87be67b-8133-4b7f-a045-c06da08b5416,consumer,C1
2024-05-05,DU_5,b87be67b-8133-4b7f-a045-c06da08b5416,consumer,C2
2024-05-06,DU_5,b87be67b-8133-4b7f-a045-c06da08b5416,consumer,C2
2024-05-07,DU_5,b87be67b-8133-4b7f-a045-c06da08b5416,consumer,C1
2024-05-08,DU_5,b87be67b-8133-4b7f-a045-c06da08b5416,consumer,C3
2024-05-09,DU_5,b87be67b-8133-4b7f-a045-c06da08b5416,consumer,C3
2024-05-10,DU_5,b87be67b-8133-4b7f-a045-c06da08b5416,consumer,C3
2024-05-11,DU_5,b87be67b-8133-4b7f-a045-c06da08b5416,consumer,C1
2024-05-12,DU_5,b87be67b-8133-4b7f-a045-c06da08b5416,consumer,C3
2024-05-13,DU_5,b87be67b-8133-4b7f-a045-c06da08b5416,consumer,C2
2024-05-14,DU_5,b87be67b-8133-4b7f-a045-c06da08b5416,consumer,C1
2024-05-15,DU_5,b87be67b-8133-4b7f-a045-c06da08b5416,consumer,C2
2024-05-16,DU_5,b87be67b-8133-4b7f-a045-c06da08b5416,consumer,C1
2024-05-17,DU_5,b87be67b-8133-4b7f-a045-c06da08b5416,consumer,C1
2024-05-18,DU_5,b87be67b-8133-4b7f-a045-c06da08b5416,consumer,C3
2024-05-19,DU_5,b87be67b-8133-4b7f-a045-c06da08b5416,consumer,C2
2024-05-20,DU_5,b87be67b-8133-4b7f-a045-c06da08b5416,consumer,C3
2024-05-21,DU_5,b87be67b-8133-4b7f-a045-c06da08b5416,consumer,C2
2024-05-22,DU_5,b87be67b-8133-4b7f-a045-c06da08b5416,consumer,C3
2024-05-23,DU_5,b87be67b-8133-4b7f-a045-c06da08b5416,consumer,C3
2024-05-24,DU_5,b87be67b-8133-4b7f-a045-c06da08b5416,consumer,C2
2024-05-25,DU_5,b87be67b-8133-4b7f-a045-c06da08b5416,consumer,C3
2024-05-26,DU_5,b87be67b-8133-4b7f-a045-c06da08b5416,consumer,C1
2024-05-27,DU_5,b87be67b-8133-4b7f-a045-c06da08b5416,consumer,C1
2024-05-28,DU_5,b87be67b-8133-4b7f-a045-c06da08b5416,consumer,C3
2024-05-29,DU_5,b87be67b-8133-4b7f-a045-c06da08b5416,consumer,C0
2024-05-30,DU_5,b87be67b-8133-4b7f-a045-c06da08b5416,consumer,C2
2024-05-31,DU_5,b87be67b-8133-4b7f-a045-c06da08b5416,consumer,C3
2024-06-01,DU_5,b87be67b-8133-4b7f-a045-c06da08b5416,consumer,C3
2024-06-02,DU_5,b87be67b-8133-4b7f-a045-c06da08b5416,consumer,C3
2024-06-03,DU_5,b87be67b-8133-4b7f-a045-c06da08b5416,consumer,C2
2024-06-04,DU_5,b87be67b-8133-4b7f-a045-c06da08b5416,consumer,C3
2024-06-05,DU_5,b87be67b-8133-4b7f-a045-c06da08b5416,consumer,C0
2024-06-06,DU_5,b87be67b-8133-4b7f-a045-c06da08b5416,consumer,C3
2024-06-07,DU_5,b87be67b-8133-4b7f-a045-c06da08b5416,consumer,C3
2024-06-08,DU_5,b87be67b-8133-4b7f-a045-c06da08b5416,consumer,C2
2024-06-09,DU_5,b87be67b-8133-4b7f-a045-c06da08b5416,consumer,C1
2024-06-10,DU_5,b87be67b-8133-4b7f-a045-c06da08b5416,consumer,C3
2024-06-11,DU_5,b87be67b-8133-4b7f-a045-c06da08b5416,consumer,C3
2024-06-12,DU_5,b87be67b-8133-4b7f-a045-c06da08b5416,consumer,C0
2024-06-13,DU_5,b87be67b-8133-4b7f-a045-c06da08b5416,consumer,C0
2024-06-14,DU_5,b87be67b-8133-4b7f-a045-c06da08b5416,consumer,C2
2024-06-15,DU_5,b87be67b-8133-4b7f-a045-c06da08b5416,consumer,C3
2024-06-16,DU_5,b87be67b-8133-4b7f-a045-c06da08b5416,consumer,C3
2024-06-17,DU_5,b87be67b-8133-4b7f-a045-c06da08b5416,consumer,C3
2024-06-18,DU_5,b87be67b-8133-4b7f-a045-c06da08b5416,consumer,C3
2024-06-20,DU_5,b87be67b-8133-4b7f-a045-c06da08b5416,consumer,C2
2024-06-21,DU_5,b87be67b-8133-4b7f-a045-c06da08b5416,consumer,C1
2024-06-22,DU_5,b87be67b-8133-4b7f-a045-c06da08b5416,consumer,C1
2024-06-23,DU_5,b87be67b-8133-4b7f-a045-c06da08b5416,consumer,C3
2024-06-24,DU_5,b87be67b-8133-4b7f-a045-c06da08b5416,consumer,C3
2024-06-25,DU_5,b87be67b-8133-4b7f-a045-c06da08b5416,consumer,C2
2024-06-26,DU_5,b87be67b-8133-4b7f-a045-c06da08b5416,consumer,C3
2024-06-27,DU_5,b87be67b-8133-4b7f-a045-c06da08b5416,consumer,C3
2024-06-28,DU_5,b87be67b-8133-4b7f-a045-c06da08b5416,consumer,C0
2024-06-29,DU_5,b87be67b-8133-4b7f-a045-c06da08b5416,consumer,C3
2024-06-30,DU_5,b87be67b-8133-4b7f-a045-c06da08b5416,consumer,C3
2024-07-01,DU_5,b87be67b-8133-4b7f-a045-c06da08b5416,consumer,C0
2024-07-02,DU_5,b87be67b-8133-4b7f-a045-c06da08b5416,consumer,C0
2024-07-03,DU_5,b87be67b-8133-4b7f-a045-c06da08b5416,consumer,C3
2024-07-04,DU_5,b87be67b-8133-4b7f-a045-c06da08b5416,consumer,C0
2024-07-07,DU_5,b87be67b-8133-4b7f-a045-c06da08b5416,consumer,C3
2024-07-08,DU_5,b87be67b-8133-4b7f-a045-c06da08b5416,consumer,C3
2024-07-09,DU_5,b87be67b-8133-4b7f-a045-c06da08b5416,consumer,C1
2024-07-11,DU_5,b87be67b-8133-4b7f-a045-c06da08b5416,consumer,C3
2024-07-12,DU_5,b87be67b-8133-4b7f-a045-c06da08b5416,consumer,C1
2024-07-14,DU_5,b87be67b-8133-4b7f-a045-c06da08b5416,consumer,C2
2024-07-15,DU_5,b87be67b-8133-4b7f-a045-c06da08b5416,consumer,C1
2024-07-16,DU_5,b87be67b-8133-4b7f-a045-c06da08b5416,consumer,C3
2024-07-17,DU_5,b87be67b-8133-4b7f-a045-c06da08b5416,consumer,C3
2024-07-18,DU_5,b87be67b-8133-4b7f-a045-c06da08b5416,consumer,C1
2024-07-19,DU_5,b87be67b-8133-4b7f-a045-c06da08b5416,consumer,C2
2024-07-20,DU_5,b87be67b-8133-4b7f-a045-c06da08b5416,consumer,C2
2024-09-04,DU_5,b87be67b-8133-4b7f-a045-c06da08b5416,consumer,C0
2024-09-05,DU_5,b87be67b-8133-4b7f-a045-c06da08b5416,consumer,C3
2024-09-06,DU_5,b87be67b-8133-4b7f-a045-c06da08b5416,consumer,C2
2024-09-07,DU_5,b87be67b-8133-4b7f-a045-c06da08b5416,consumer,C3
2024-09-08,DU_5,b87be67b-8133-4b7f-a045-c06da08b5416,consumer,C2
2024-09-09,DU_5,b87be67b-8133-4b7f-a045-c06da08b5416,consumer,C3
2024-09-10,DU_5,b87be67b-8133-4b7f-a045-c06da08b5416,consumer,C3
2024-09-11,DU_5,b87be67b-8133-4b7f-a045-c06da08b5416,consumer,C3
2024-09-12,DU_5,b87be67b-8133-4b7f-a045-c06da08b5416,consumer,C3
2024-09-13,DU_5,b87be67b-8133-4b7f-a045-c06da08b5416,consumer,C2
2024-09-14,DU_5,b87be67b-8133-4b7f-a045-c06da08b5416,consumer,C0
2024-09-15,DU_5,b87be67b-8133-4b7f-a045-c06da08b5416,consumer,C3
2024-09-16,DU_5,b87be67b-8133-4b7f-a045-c06da08b5416,consumer,C3
2024-09-17,DU_5,b87be67b-8133-4b7f-a045-c06da08b5416,consumer,C3
2024-09-18,DU_5,b87be67b-8133-4b7f-a045-c06da08b5416,consumer,C3
2024-09-19,DU_5,b87be67b-8133-4b7f-a045-c06da08b5416,consumer,C1
2024-09-20,DU_5,b87be67b-8133-4b7f-a045-c06da08b5416,consumer,C3
2024-09-21,DU_5,b87be67b-8133-4b7f-a045-c06da08b5416,consumer,C3
2024-09-22,DU_5,b87be67b-8133-4b7f-a045-c06da08b5416,consumer,C3
2024-09-23,DU_5,b87be67b-8133-4b7f-a045-c06da08b5416,consumer,C1
2024-09-24,DU_5,b87be67b-8133-4b7f-a045-c06da08b5416,consumer,C2
2024-09-25,DU_5,b87be67b-8133-4b7f-a045-c06da08b5416,consumer,C3
2024-09-26,DU_5,b87be67b-8133-4b7f-a045-c06da08b5416,consumer,C3
2024-09-27,DU_5,b87be67b-8133-4b7f-a045-c06da08b5416,consumer,C2
2024-09-28,DU_5,b87be67b-8133-4b7f-a045-c06da08b5416,consumer,C1
2024-09-29,DU_5,b87be67b-8133-4b7f-a045-c06da08b5416,consumer,C2
2024-09-30,DU_5,b87be67b-8133-4b7f-a045-c06da08b5416,consumer,C3
2024-10-01,DU_5,b87be67b-8133-4b7f-a045-c06da08b5416,consumer,C0
2024-10-02,DU_5,b87be67b-8133-4b7f-a045-c06da08b5416,consumer,C3
2024-10-03,DU_5,b87be67b-8133-4b7f-a045-c06da08b5416,consumer,C0
2024-10-04,DU_5,b87be67b-8133-4b7f-a045-c06da08b5416,consumer,C1
2024-10-05,DU_5,b87be67b-8133-4b7f-a045-c06da08b5416,consumer,C1
2024-10-06,DU_5,b87be67b-8133-4b7f-a045-c06da08b5416,consumer,C3
2024-10-07,DU_5,b87be67b-8133-4b7f-a045-c06da08b5416,consumer,C1
2024-10-08,DU_5,b87be67b-8133-4b7f-a045-c06da08b5416,consumer,C2
2024-10-09,DU_5,b87be67b-8133-4b7f-a045-c06da08b5416,consumer,C3
2024-10-10,DU_5,b87be67b-8133-4b7f-a045-c06da08b5416,consumer,C1
2024-10-11,DU_5,b87be67b-8133-4b7f-a045-c06da08b5416,consumer,C3
2024-10-12,DU_5,b87be67b-8133-4b7f-a045-c06da08b5416,consumer,C0
2024-10-13,DU_5,b87be67b-8133-4b7f-a045-c06da08b5416,consumer,C3
2024-10-14,DU_5,b87be67b-8133-4b7f-a045-c06da08b5416,consumer,C2
2024-10-15,DU_5,b87be67b-8133-4b7f-a045-c06da08b5416,consumer,C0
2024-02-16,DU_6,9a3386b3-017c-4848-ac6d-a24bf7f36077,consumer,C1
2024-02-17,DU_6,9a3386b3-017c-4848-ac6d-a24bf7f36077,consumer,C3
2024-02-18,DU_6,9a3386b3-017c-4848-ac6d-a24bf7f36077,consumer,C1
2024-02-20,DU_6,9a3386b3-017c-4848-ac6d-a24bf7f36077,consumer,C1
2024-02-21,DU_6,9a3386b3-017c-4848-ac6d-a24bf7f36077,consumer,C1
2024-02-23,DU_6,9a3386b3-017c-4848-ac6d-a24bf7f36077,consumer,C1
2024-02-24,DU_6,9a3386b3-017c-4848-ac6d-a24bf7f36077,consumer,C3
2024-02-25,DU_6,9a3386b3-017c-4848-ac6d-a24bf7f36077,consumer,C3
2024-02-26,DU_6,9a3386b3-017c-4848-ac6d-a24bf7f36077,consumer,C3
2024-02-27,DU_6,9a3386b3-017c-4848-ac6d-a24bf7f36077,consumer,C3
2024-02-28,DU_6,9a3386b3-017c-4848-ac6d-a24bf7f36077,consumer,C1
2024-02-29,DU_6,9a3386b3-017c-4848-ac6d-a24bf7f36077,consumer,C3
2024-03-01,DU_6,9a3386b3-017c-4848-ac6d-a24bf7f36077,consumer,C0
2024-03-06,DU_6,9a3386b3-017c-4848-ac6d-a24bf7f36077,consumer,C0
2024-03-07,DU_6,9a3386b3-017c-4848-ac6d-a24bf7f36077,consumer,C0
2024-03-11,DU_6,9a3386b3-017c-4848-ac6d-a24bf7f36077,consumer,C0
2024-03-12,DU_6,9a3386b3-017c-4848-ac6d-a24bf7f36077,consumer,C3
2024-03-13,DU_6,9a3386b3-017c-4848-ac6d-a24bf7f36077,consumer,C3
2024-03-14,DU_6,9a3386b3-017c-4848-ac6d-a24bf7f36077,consumer,C1
2024-03-15,DU_6,9a3386b3-017c-4848-ac6d-a24bf7f36077,consumer,C0
2024-03-16,DU_6,9a3386b3-017c-4848-ac6d-a24bf7f36077,consumer,C1
2024-03-17,DU_6,9a3386b3-017c-4848-ac6d-a24bf7f36077,consumer,C1
2024-03-19,DU_6,9a3386b3-017c-4848-ac6d-a24bf7f36077,consumer,C1
2024-03-20,DU_6,9a3386b3-017c-4848-ac6d-a24bf7f36077,consumer,C3
2024-03-21,DU_6,9a3386b3-017c-4848-ac6d-a24bf7f36077,consumer,C1
2024-03-22,DU_6,9a3386b3-017c-4848-ac6d-a24bf7f36077,consumer,C3
2024-03-23,DU_6,9a3386b3-017c-4848-ac6d-a24bf7f36077,consumer,C3
2024-03-24,DU_6,9a3386b3-017c-4848-ac6d-a24bf7f36077,consumer,C1
2024-03-25,DU_6,9a3386b3-017c-4848-ac6d-a24bf7f36077,consumer,C1
2024-03-26,DU_6,9a3386b3-017c-4848-ac6d-a24bf7f36077,consumer,C1
2024-03-27,DU_6,9a3386b3-017c-4848-ac6d-a24bf7f36077,consumer,C2
2024-03-28,DU_6,9a3386b3-017c-4848-ac6d-a24bf7f36077,consumer,C1
2024-03-29,DU_6,9a3386b3-017c-4848-ac6d-a24bf7f36077,consumer,C3
2024-03-30,DU_6,9a3386b3-017c-4848-ac6d-a24bf7f36077,consumer,C3
2024-03-31,DU_6,9a3386b3-017c-4848-ac6d-a24bf7f36077,consumer,C3
2024-04-01,DU_6,9a3386b3-017c-4848-ac6d-a24bf7f36077,consumer,C3
2024-04-02,DU_6,9a3386b3-017c-4848-ac6d-a24bf7f36077,consumer,C3
2024-04-03,DU_6,9a3386b3-017c-4848-ac6d-a24bf7f36077,consumer,C3
2024-04-05,DU_6,9a3386b3-017c-4848-ac6d-a24bf7f36077,consumer,C3
2024-04-06,DU_6,9a3386b3-017c-4848-ac6d-a24bf7f36077,consumer,C3
2024-04-07,DU_6,9a3386b3-017c-4848-ac6d-a24bf7f36077,consumer,C3
2024-04-08,DU_6,9a3386b3-017c-4848-ac6d-a24bf7f36077,consumer,C1
2024-04-09,DU_6,9a3386b3-017c-4848-ac6d-a24bf7f36077,consumer,C3
2024-04-10,DU_6,9a3386b3-017c-4848-ac6d-a24bf7f36077,consumer,C0
2024-04-11,DU_6,9a3386b3-017c-4848-ac6d-a24bf7f36077,consumer,C3
2024-04-13,DU_6,9a3386b3-017c-4848-ac6d-a24bf7f36077,consumer,C3
2024-04-15,DU_6,9a3386b3-017c-4848-ac6d-a24bf7f36077,consumer,C1
2024-04-16,DU_6,9a3386b3-017c-4848-ac6d-a24bf7f36077,consumer,C2
2024-04-17,DU_6,9a3386b3-017c-4848-ac6d-a24bf7f36077,consumer,C3
2024-04-18,DU_6,9a3386b3-017c-4848-ac6d-a24bf7f36077,consumer,C3
2024-04-21,DU_6,9a3386b3-017c-4848-ac6d-a24bf7f36077,consumer,C3
2024-04-23,DU_6,9a3386b3-017c-4848-ac6d-a24bf7f36077,consumer,C3
2024-04-24,DU_6,9a3386b3-017c-4848-ac6d-a24bf7f36077,consumer,C0
2024-04-25,DU_6,9a3386b3-017c-4848-ac6d-a24bf7f36077,consumer,C0
2024-04-26,DU_6,9a3386b3-017c-4848-ac6d-a24bf7f36077,consumer,C0
2024-04-27,DU_6,9a3386b3-017c-4848-ac6d-a24bf7f36077,consumer,C3
2024-04-28,DU_6,9a3386b3-017c-4848-ac6d-a24bf7f36077,consumer,C0
2024-04-29,DU_6,9a3386b3-017c-4848-ac6d-a24bf7f36077,consumer,C1
2024-04-30,DU_6,9a3386b3-017c-4848-ac6d-a24bf7f36077,consumer,C3
2024-05-01,DU_6,9a3386b3-017c-4848-ac6d-a24bf7f36077,consumer,C1
2024-05-02,DU_6,9a3386b3-017c-4848-ac6d-a24bf7f36077,consumer,C3
2024-05-03,DU_6,9a3386b3-017c-4848-ac6d-a24bf7f36077,consumer,C1
2024-05-05,DU_6,9a3386b3-017c-4848-ac6d-a24bf7f36077,consumer,C2
2024-05-06,DU_6,9a3386b3-017c-4848-ac6d-a24bf7f36077,consumer,C3
2024-05-07,DU_6,9a3386b3-017c-4848-ac6d-a24bf7f36077,consumer,C2
2024-05-08,DU_6,9a3386b3-017c-4848-ac6d-a24bf7f36077,consumer,C0
2024-05-09,DU_6,9a3386b3-017c-4848-ac6d-a24bf7f36077,consumer,C0
2024-05-10,DU_6,9a3386b3-017c-4848-ac6d-a24bf7f36077,consumer,C3
2024-05-11,DU_6,9a3386b3-017c-4848-ac6d-a24bf7f36077,consumer,C2
2024-05-12,DU_6,9a3386b3-017c-4848-ac6d-a24bf7f36077,consumer,C3
2024-05-13,DU_6,9a3386b3-017c-4848-ac6d-a24bf7f36077,consumer,C3
2024-05-14,DU_6,9a3386b3-017c-4848-ac6d-a24bf7f36077,consumer,C2
2024-05-15,DU_6,9a3386b3-017c-4848-ac6d-a24bf7f36077,consumer,C3
2024-05-16,DU_6,9a3386b3-017c-4848-ac6d-a24bf7f36077,consumer,C3
2024-05-17,DU_6,9a3386b3-017c-4848-ac6d-a24bf7f36077,consumer,C0
2024-05-18,DU_6,9a3386b3-017c-4848-ac6d-a24bf7f36077,consumer,C0
2024-05-19,DU_6,9a3386b3-017c-4848-ac6d-a24bf7f36077,consumer,C0
2024-05-21,DU_6,9a3386b3-017c-4848-ac6d-a24bf7f36077,consumer,C0
2024-05-22,DU_6,9a3386b3-017c-4848-ac6d-a24bf7f36077,consumer,C3
2024-05-23,DU_6,9a3386b3-017c-4848-ac6d-a24bf7f36077,consumer,C0
2024-05-24,DU_6,9a3386b3-017c-4848-ac6d-a24bf7f36077,consumer,C0
2024-05-25,DU_6,9a3386b3-017c-4848-ac6d-a24bf7f36077,consumer,C0
2024-05-26,DU_6,9a3386b3-017c-4848-ac6d-a24bf7f36077,consumer,C0
2024-05-29,DU_6,9a3386b3-017c-4848-ac6d-a24bf7f36077,consumer,C0
2024-05-30,DU_6,9a3386b3-017c-4848-ac6d-a24bf7f36077,consumer,C0
2024-05-31,DU_6,9a3386b3-017c-4848-ac6d-a24bf7f36077,consumer,C0
2024-06-01,DU_6,9a3386b3-017c-4848-ac6d-a24bf7f36077,consumer,C0
2024-06-02,DU_6,9a3386b3-017c-4848-ac6d-a24bf7f36077,consumer,C3
2024-06-04,DU_6,9a3386b3-017c-4848-ac6d-a24bf7f36077,consumer,C1
2024-06-05,DU_6,9a3386b3-017c-4848-ac6d-a24bf7f36077,consumer,C3
2024-06-06,DU_6,9a3386b3-017c-4848-ac6d-a24bf7f36077,consumer,C1
2024-06-07,DU_6,9a3386b3-017c-4848-ac6d-a24bf7f36077,consumer,C2
2024-06-08,DU_6,9a3386b3-017c-4848-ac6d-a24bf7f36077,consumer,C2
2024-06-09,DU_6,9a3386b3-017c-4848-ac6d-a24bf7f36077,consumer,C2
2024-06-10,DU_6,9a3386b3-017c-4848-ac6d-a24bf7f36077,consumer,C1
2024-06-11,DU_6,9a3386b3-017c-4848-ac6d-a24bf7f36077,consumer,C2
2024-06-12,DU_6,9a3386b3-017c-4848-ac6d-a24bf7f36077,consumer,C3
2024-06-13,DU_6,9a3386b3-017c-4848-ac6d-a24bf7f36077,consumer,C1
2024-06-14,DU_6,9a3386b3-017c-4848-ac6d-a24bf7f36077,consumer,C3
2024-06-15,DU_6,9a3386b3-017c-4848-ac6d-a24bf7f36077,consumer,C2
2024-06-18,DU_6,9a3386b3-017c-4848-ac6d-a24bf7f36077,consumer,C0
2024-06-20,DU_6,9a3386b3-017c-4848-ac6d-a24bf7f36077,consumer,C3
2024-06-21,DU_6,9a3386b3-017c-4848-ac6d-a24bf7f36077,consumer,C0
2024-06-22,DU_6,9a3386b3-017c-4848-ac6d-a24bf7f36077,consumer,C0
2024-06-24,DU_6,9a3386b3-017c-4848-ac6d-a24bf7f36077,consumer,C0
2024-06-26,DU_6,9a3386b3-017c-4848-ac6d-a24bf7f36077,consumer,C3
2024-06-27,DU_6,9a3386b3-017c-4848-ac6d-a24bf7f36077,consumer,C3
2024-06-28,DU_6,9a3386b3-017c-4848-ac6d-a24bf7f36077,consumer,C2
2024-06-29,DU_6,9a3386b3-017c-4848-ac6d-a24bf7f36077,consumer,C2
2024-06-30,DU_6,9a3386b3-017c-4848-ac6d-a24bf7f36077,consumer,C0
2024-07-01,DU_6,9a3386b3-017c-4848-ac6d-a24bf7f36077,consumer,C0
2024-07-02,DU_6,9a3386b3-017c-4848-ac6d-a24bf7f36077,consumer,C0
2024-07-03,DU_6,9a3386b3-017c-4848-ac6d-a24bf7f36077,consumer,C0
2024-07-04,DU_6,9a3386b3-017c-4848-ac6d-a24bf7f36077,consumer,C0
2024-07-07,DU_6,9a3386b3-017c-4848-ac6d-a24bf7f36077,consumer,C0
2024-07-08,DU_6,9a3386b3-017c-4848-ac6d-a24bf7f36077,consumer,C2
2024-07-09,DU_6,9a3386b3-017c-4848-ac6d-a24bf7f36077,consumer,C0
2024-07-10,DU_6,9a3386b3-017c-4848-ac6d-a24bf7f36077,consumer,C0
2024-07-11,DU_6,9a3386b3-017c-4848-ac6d-a24bf7f36077,consumer,C0
2024-07-12,DU_6,9a3386b3-017c-4848-ac6d-a24bf7f36077,consumer,C2
2024-07-13,DU_6,9a3386b3-017c-4848-ac6d-a24bf7f36077,consumer,C3
2024-07-15,DU_6,9a3386b3-017c-4848-ac6d-a24bf7f36077,consumer,C1
2024-07-16,DU_6,9a3386b3-017c-4848-ac6d-a24bf7f36077,consumer,C2
2024-07-17,DU_6,9a3386b3-017c-4848-ac6d-a24bf7f36077,consumer,C1
2024-07-18,DU_6,9a3386b3-017c-4848-ac6d-a24bf7f36077,consumer,C1
2024-07-19,DU_6,9a3386b3-017c-4848-ac6d-a24bf7f36077,consumer,C2
2024-07-20,DU_6,9a3386b3-017c-4848-ac6d-a24bf7f36077,consumer,C0
2024-09-13,DU_6,9a3386b3-017c-4848-ac6d-a24bf7f36077,consumer,C1
2024-09-26,DU_6,9a3386b3-017c-4848-ac6d-a24bf7f36077,consumer,C1
2024-09-28,DU_6,9a3386b3-017c-4848-ac6d-a24bf7f36077,consumer,C0
2024-10-05,DU_6,9a3386b3-017c-4848-ac6d-a24bf7f36077,consumer,C3
2024-10-07,DU_6,9a3386b3-017c-4848-ac6d-a24bf7f36077,consumer,C0
2024-10-08,DU_6,9a3386b3-017c-4848-ac6d-a24bf7f36077,consumer,C0
2024-10-09,DU_6,9a3386b3-017c-4848-ac6d-a24bf7f36077,consumer,C3
2024-10-10,DU_6,9a3386b3-017c-4848-ac6d-a24bf7f36077,consumer,C3
2024-10-13,DU_6,9a3386b3-017c-4848-ac6d-a24bf7f36077,consumer,C1
2024-02-16,DU_8,08f2fc03-ce0b-4cd6-ab25-8b3906feb858,consumer,C3
2024-02-17,DU_8,08f2fc03-ce0b-4cd6-ab25-8b3906feb858,consumer,C3
2024-02-19,DU_8,08f2fc03-ce0b-4cd6-ab25-8b3906feb858,consumer,C1
2024-02-20,DU_8,08f2fc03-ce0b-4cd6-ab25-8b3906feb858,consumer,C3
2024-02-21,DU_8,08f2fc03-ce0b-4cd6-ab25-8b3906feb858,consumer,C3
2024-02-22,DU_8,08f2fc03-ce0b-4cd6-ab25-8b3906feb858,consumer,C2
2024-02-23,DU_8,08f2fc03-ce0b-4cd6-ab25-8b3906feb858,consumer,C1
2024-02-24,DU_8,08f2fc03-ce0b-4cd6-ab25-8b3906feb858,consumer,C0
2024-02-25,DU_8,08f2fc03-ce0b-4cd6-ab25-8b3906feb858,consumer,C2
2024-02-26,DU_8,08f2fc03-ce0b-4cd6-ab25-8b3906feb858,consumer,C2
2024-02-28,DU_8,08f2fc03-ce0b-4cd6-ab25-8b3906feb858,consumer,C2
2024-02-29,DU_8,08f2fc03-ce0b-4cd6-ab25-8b3906feb858,consumer,C0
2024-03-01,DU_8,08f2fc03-ce0b-4cd6-ab25-8b3906feb858,consumer,C0
2024-03-03,DU_8,08f2fc03-ce0b-4cd6-ab25-8b3906feb858,consumer,C0
2024-03-04,DU_8,08f2fc03-ce0b-4cd6-ab25-8b3906feb858,consumer,C1
2024-03-05,DU_8,08f2fc03-ce0b-4cd6-ab25-8b3906feb858,consumer,C0
2024-03-11,DU_8,08f2fc03-ce0b-4cd6-ab25-8b3906feb858,consumer,C0
2024-03-12,DU_8,08f2fc03-ce0b-4cd6-ab25-8b3906feb858,consumer,C0
2024-03-13,DU_8,08f2fc03-ce0b-4cd6-ab25-8b3906feb858,consumer,C0
2024-03-14,DU_8,08f2fc03-ce0b-4cd6-ab25-8b3906feb858,consumer,C1
2024-03-15,DU_8,08f2fc03-ce0b-4cd6-ab25-8b3906feb858,consumer,C1
2024-03-16,DU_8,08f2fc03-ce0b-4cd6-ab25-8b3906feb858,consumer,C0
2024-03-17,DU_8,08f2fc03-ce0b-4cd6-ab25-8b3906feb858,consumer,C3
2024-03-18,DU_8,08f2fc03-ce0b-4cd6-ab25-8b3906feb858,consumer,C0
2024-03-19,DU_8,08f2fc03-ce0b-4cd6-ab25-8b3906feb858,consumer,C1
2024-03-20,DU_8,08f2fc03-ce0b-4cd6-ab25-8b3906feb858,consumer,C3
2024-03-21,DU_8,08f2fc03-ce0b-4cd6-ab25-8b3906feb858,consumer,C1
2024-03-22,DU_8,08f2fc03-ce0b-4cd6-ab25-8b3906feb858,consumer,C0
2024-03-23,DU_8,08f2fc03-ce0b-4cd6-ab25-8b3906feb858,consumer,C0
2024-03-24,DU_8,08f2fc03-ce0b-4cd6-ab25-8b3906feb858,consumer,C1
2024-03-25,DU_8,08f2fc03-ce0b-4cd6-ab25-8b3906feb858,consumer,C3
2024-03-26,DU_8,08f2fc03-ce0b-4cd6-ab25-8b3906feb858,consumer,C3
2024-03-27,DU_8,08f2fc03-ce0b-4cd6-ab25-8b3906feb858,consumer,C1
2024-03-28,DU_8,08f2fc03-ce0b-4cd6-ab25-8b3906feb858,consumer,C2
2024-03-29,DU_8,08f2fc03-ce0b-4cd6-ab25-8b3906feb858,consumer,C1
2024-03-30,DU_8,08f2fc03-ce0b-4cd6-ab25-8b3906feb858,consumer,C3
2024-03-31,DU_8,08f2fc03-ce0b-4cd6-ab25-8b3906feb858,consumer,C1
2024-04-01,DU_8,08f2fc03-ce0b-4cd6-ab25-8b3906feb858,consumer,C1
2024-04-02,DU_8,08f2fc03-ce0b-4cd6-ab25-8b3906feb858,consumer,C0
2024-04-03,DU_8,08f2fc03-ce0b-4cd6-ab25-8b3906feb858,consumer,C0
2024-04-05,DU_8,08f2fc03-ce0b-4cd6-ab25-8b3906feb858,consumer,C0
2024-04-06,DU_8,08f2fc03-ce0b-4cd6-ab25-8b3906feb858,consumer,C2
2024-04-07,DU_8,08f2fc03-ce0b-4cd6-ab25-8b3906feb858,consumer,C2
2024-04-08,DU_8,08f2fc03-ce0b-4cd6-ab25-8b3906feb858,consumer,C2
2024-04-09,DU_8,08f2fc03-ce0b-4cd6-ab25-8b3906feb858,consumer,C2
2024-04-10,DU_8,08f2fc03-ce0b-4cd6-ab25-8b3906feb858,consumer,C3
2024-04-11,DU_8,08f2fc03-ce0b-4cd6-ab25-8b3906feb858,consumer,C0
2024-04-12,DU_8,08f2fc03-ce0b-4cd6-ab25-8b3906feb858,consumer,C3
2024-04-13,DU_8,08f2fc03-ce0b-4cd6-ab25-8b3906feb858,consumer,C3
2024-04-14,DU_8,08f2fc03-ce0b-4cd6-ab25-8b3906feb858,consumer,C2
2024-04-15,DU_8,08f2fc03-ce0b-4cd6-ab25-8b3906feb858,consumer,C3
2024-04-17,DU_8,08f2fc03-ce0b-4cd6-ab25-8b3906feb858,consumer,C1
2024-04-18,DU_8,08f2fc03-ce0b-4cd6-ab25-8b3906feb858,consumer,C2
2024-04-19,DU_8,08f2fc03-ce0b-4cd6-ab25-8b3906feb858,consumer,C3
2024-04-20,DU_8,08f2fc03-ce0b-4cd6-ab25-8b3906feb858,consumer,C3
2024-04-21,DU_8,08f2fc03-ce0b-4cd6-ab25-8b3906feb858,consumer,C1
2024-04-22,DU_8,08f2fc03-ce0b-4cd6-ab25-8b3906feb858,consumer,C2
2024-04-23,DU_8,08f2fc03-ce0b-4cd6-ab25-8b3906feb858,consumer,C1
2024-04-24,DU_8,08f2fc03-ce0b-4cd6-ab25-8b3906feb858,consumer,C1
2024-04-25,DU_8,08f2fc03-ce0b-4cd6-ab25-8b3906feb858,consumer,C1
2024-04-26,DU_8,08f2fc03-ce0b-4cd6-ab25-8b3906feb858,consumer,C1
2024-04-27,DU_8,08f2fc03-ce0b-4cd6-ab25-8b3906feb858,consumer,C3
2024-04-28,DU_8,08f2fc03-ce0b-4cd6-ab25-8b3906feb858,consumer,C1
2024-04-29,DU_8,08f2fc03-ce0b-4cd6-ab25-8b3906feb858,consumer,C1
2024-04-30,DU_8,08f2fc03-ce0b-4cd6-ab25-8b3906feb858,consumer,C0
2024-05-02,DU_8,08f2fc03-ce0b-4cd6-ab25-8b3906feb858,consumer,C3
2024-05-03,DU_8,08f2fc03-ce0b-4cd6-ab25-8b3906feb858,consumer,C3
2024-05-05,DU_8,08f2fc03-ce0b-4cd6-ab25-8b3906feb858,consumer,C0
2024-05-06,DU_8,08f2fc03-ce0b-4cd6-ab25-8b3906feb858,consumer,C0
2024-05-07,DU_8,08f2fc03-ce0b-4cd6-ab25-8b3906feb858,consumer,C1
2024-05-08,DU_8,08f2fc03-ce0b-4cd6-ab25-8b3906feb858,consumer,C3
2024-05-09,DU_8,08f2fc03-ce0b-4cd6-ab25-8b3906feb858,consumer,C1
2024-05-10,DU_8,08f2fc03-ce0b-4cd6-ab25-8b3906feb858,consumer,C3
2024-05-11,DU_8,08f2fc03-ce0b-4cd6-ab25-8b3906feb858,consumer,C2
2024-05-12,DU_8,08f2fc03-ce0b-4cd6-ab25-8b3906feb858,consumer,C2
2024-05-13,DU_8,08f2fc03-ce0b-4cd6-ab25-8b3906feb858,consumer,C3
2024-05-14,DU_8,08f2fc03-ce0b-4cd6-ab25-8b3906feb858,consumer,C2
2024-05-15,DU_8,08f2fc03-ce0b-4cd6-ab25-8b3906feb858,consumer,C1
2024-05-19,DU_8,08f2fc03-ce0b-4cd6-ab25-8b3906feb858,consumer,C0
2024-05-20,DU_8,08f2fc03-ce0b-4cd6-ab25-8b3906feb858,consumer,C3
2024-05-21,DU_8,08f2fc03-ce0b-4cd6-ab25-8b3906feb858,consumer,C3
2024-05-22,DU_8,08f2fc03-ce0b-4cd6-ab25-8b3906feb858,consumer,C3
2024-05-23,DU_8,08f2fc03-ce0b-4cd6-ab25-8b3906feb858,consumer,C2
2024-05-24,DU_8,08f2fc03-ce0b-4cd6-ab25-8b3906feb858,consumer,C1
2024-05-28,DU_8,08f2fc03-ce0b-4cd6-ab25-8b3906feb858,consumer,C2
2024-05-29,DU_8,08f2fc03-ce0b-4cd6-ab25-8b3906feb858,consumer,C3
2024-05-30,DU_8,08f2fc03-ce0b-4cd6-ab25-8b3906feb858,consumer,C1
2024-05-31,DU_8,08f2fc03-ce0b-4cd6-ab25-8b3906feb858,consumer,C1
2024-06-01,DU_8,08f2fc03-ce0b-4cd6-ab25-8b3906feb858,consumer,C2
2024-06-02,DU_8,08f2fc03-ce0b-4cd6-ab25-8b3906feb858,consumer,C3
2024-06-03,DU_8,08f2fc03-ce0b-4cd6-ab25-8b3906feb858,consumer,C3
2024-06-06,DU_8,08f2fc03-ce0b-4cd6-ab25-8b3906feb858,consumer,C1
2024-06-07,DU_8,08f2fc03-ce0b-4cd6-ab25-8b3906feb858,consumer,C0
2024-06-08,DU_8,08f2fc03-ce0b-4cd6-ab25-8b3906feb858,consumer,C3
2024-06-09,DU_8,08f2fc03-ce0b-4cd6-ab25-8b3906feb858,consumer,C3
2024-06-10,DU_8,08f2fc03-ce0b-4cd6-ab25-8b3906feb858,consumer,C2
2024-06-11,DU_8,08f2fc03-ce0b-4cd6-ab25-8b3906feb858,consumer,C2
2024-06-12,DU_8,08f2fc03-ce0b-4cd6-ab25-8b3906feb858,consumer,C1
2024-06-13,DU_8,08f2fc03-ce0b-4cd6-ab25-8b3906feb858,consumer,C0
2024-06-14,DU_8,08f2fc03-ce0b-4cd6-ab25-8b3906feb858,consumer,C2
2024-06-15,DU_8,08f2fc03-ce0b-4cd6-ab25-8b3906feb858,consumer,C3
2024-06-16,DU_8,08f2fc03-ce0b-4cd6-ab25-8b3906feb858,consumer,C2
2024-06-17,DU_8,08f2fc03-ce0b-4cd6-ab25-8b3906feb858,consumer,C2
2024-06-18,DU_8,08f2fc03-ce0b-4cd6-ab25-8b3906feb858,consumer,C2
2024-06-19,DU_8,08f2fc03-ce0b-4cd6-ab25-8b3906feb858,consumer,C1
2024-06-20,DU_8,08f2fc03-ce0b-4cd6-ab25-8b3906feb858,consumer,C1
2024-06-21,DU_8,08f2fc03-ce0b-4cd6-ab25-8b3906feb858,consumer,C3
2024-06-22,DU_8,08f2fc03-ce0b-4cd6-ab25-8b3906feb858,consumer,C3
2024-06-23,DU_8,08f2fc03-ce0b-4cd6-ab25-8b3906feb858,consumer,C0
2024-06-25,DU_8,08f2fc03-ce0b-4cd6-ab25-8b3906feb858,consumer,C1
2024-06-26,DU_8,08f2fc03-ce0b-4cd6-ab25-8b3906feb858,consumer,C2
2024-06-27,DU_8,08f2fc03-ce0b-4cd6-ab25-8b3906feb858,consumer,C0
2024-06-28,DU_8,08f2fc03-ce0b-4cd6-ab25-8b3906feb858,consumer,C0
2024-06-29,DU_8,08f2fc03-ce0b-4cd6-ab25-8b3906feb858,consumer,C3
2024-06-30,DU_8,08f2fc03-ce0b-4cd6-ab25-8b3906feb858,consumer,C1
2024-07-01,DU_8,08f2fc03-ce0b-4cd6-ab25-8b3906feb858,consumer,C3
2024-07-02,DU_8,08f2fc03-ce0b-4cd6-ab25-8b3906feb858,consumer,C2
2024-07-03,DU_8,08f2fc03-ce0b-4cd6-ab25-8b3906feb858,consumer,C3
2024-07-04,DU_8,08f2fc03-ce0b-4cd6-ab25-8b3906feb858,consumer,C1
2024-07-07,DU_8,08f2fc03-ce0b-4cd6-ab25-8b3906feb858,consumer,C2
2024-07-08,DU_8,08f2fc03-ce0b-4cd6-ab25-8b3906feb858,consumer,C3
2024-07-09,DU_8,08f2fc03-ce0b-4cd6-ab25-8b3906feb858,consumer,C1
2024-07-10,DU_8,08f2fc03-ce0b-4cd6-ab25-8b3906feb858,consumer,C1
2024-07-11,DU_8,08f2fc03-ce0b-4cd6-ab25-8b3906feb858,consumer,C1
2024-07-12,DU_8,08f2fc03-ce0b-4cd6-ab25-8b3906feb858,consumer,C3
2024-07-13,DU_8,08f2fc03-ce0b-4cd6-ab25-8b3906feb858,consumer,C3
2024-07-14,DU_8,08f2fc03-ce0b-4cd6-ab25-8b3906feb858,consumer,C0
2024-07-15,DU_8,08f2fc03-ce0b-4cd6-ab25-8b3906feb858,consumer,C2
2024-07-16,DU_8,08f2fc03-ce0b-4cd6-ab25-8b3906feb858,consumer,C1
2024-07-17,DU_8,08f2fc03-ce0b-4cd6-ab25-8b3906feb858,consumer,C1
2024-07-18,DU_8,08f2fc03-ce0b-4cd6-ab25-8b3906feb858,consumer,C1
2024-07-19,DU_8,08f2fc03-ce0b-4cd6-ab25-8b3906feb858,consumer,C1
2024-07-21,DU_8,08f2fc03-ce0b-4cd6-ab25-8b3906feb858,consumer,C1
2024-09-04,DU_8,08f2fc03-ce0b-4cd6-ab25-8b3906feb858,consumer,C1
2024-09-05,DU_8,08f2fc03-ce0b-4cd6-ab25-8b3906feb858,consumer,C2
2024-09-06,DU_8,08f2fc03-ce0b-4cd6-ab25-8b3906feb858,consumer,C3
2024-09-07,DU_8,08f2fc03-ce0b-4cd6-ab25-8b3906feb858,consumer,C0
2024-09-08,DU_8,08f2fc03-ce0b-4cd6-ab25-8b3906feb858,consumer,C3
2024-09-09,DU_8,08f2fc03-ce0b-4cd6-ab25-8b3906feb858,consumer,C2
2024-09-10,DU_8,08f2fc03-ce0b-4cd6-ab25-8b3906feb858,consumer,C1
2024-09-11,DU_8,08f2fc03-ce0b-4cd6-ab25-8b3906feb858,consumer,C3
2024-09-12,DU_8,08f2fc03-ce0b-4cd6-ab25-8b3906feb858,consumer,C0
2024-09-13,DU_8,08f2fc03-ce0b-4cd6-ab25-8b3906feb858,consumer,C0
2024-09-14,DU_8,08f2fc03-ce0b-4cd6-ab25-8b3906feb858,consumer,C0
2024-09-15,DU_8,08f2fc03-ce0b-4cd6-ab25-8b3906feb858,consumer,C0
2024-09-16,DU_8,08f2fc03-ce0b-4cd6-ab25-8b3906feb858,consumer,C2
2024-09-17,DU_8,08f2fc03-ce0b-4cd6-ab25-8b3906feb858,consumer,C0
2024-09-18,DU_8,08f2fc03-ce0b-4cd6-ab25-8b3906feb858,consumer,C2
2024-09-19,DU_8,08f2fc03-ce0b-4cd6-ab25-8b3906feb858,consumer,C2
2024-09-20,DU_8,08f2fc03-ce0b-4cd6-ab25-8b3906feb858,consumer,C3
2024-09-21,DU_8,08f2fc03-ce0b-4cd6-ab25-8b3906feb858,consumer,C2
2024-09-22,DU_8,08f2fc03-ce0b-4cd6-ab25-8b3906feb858,consumer,C2
2024-09-23,DU_8,08f2fc03-ce0b-4cd6-ab25-8b3906feb858,consumer,C1
2024-09-25,DU_8,08f2fc03-ce0b-4cd6-ab25-8b3906feb858,consumer,C1
2024-09-26,DU_8,08f2fc03-ce0b-4cd6-ab25-8b3906feb858,consumer,C0
2024-09-27,DU_8,08f2fc03-ce0b-4cd6-ab25-8b3906feb858,consumer,C1
2024-09-28,DU_8,08f2fc03-ce0b-4cd6-ab25-8b3906feb858,consumer,C0
2024-09-29,DU_8,08f2fc03-ce0b-4cd6-ab25-8b3906feb858,consumer,C0
2024-09-30,DU_8,08f2fc03-ce0b-4cd6-ab25-8b3906feb858,consumer,C3
2024-10-01,DU_8,08f2fc03-ce0b-4cd6-ab25-8b3906feb858,consumer,C2
2024-10-04,DU_8,08f2fc03-ce0b-4cd6-ab25-8b3906feb858,consumer,C2
2024-10-06,DU_8,08f2fc03-ce0b-4cd6-ab25-8b3906feb858,consumer,C1
2024-10-07,DU_8,08f2fc03-ce0b-4cd6-ab25-8b3906feb858,consumer,C1
2024-10-10,DU_8,08f2fc03-ce0b-4cd6-ab25-8b3906feb858,consumer,C0
2024-10-11,DU_8,08f2fc03-ce0b-4cd6-ab25-8b3906feb858,consumer,C0
2024-10-12,DU_8,08f2fc03-ce0b-4cd6-ab25-8b3906feb858,consumer,C2
2024-10-13,DU_8,08f2fc03-ce0b-4cd6-ab25-8b3906feb858,consumer,C0
2024-10-14,DU_8,08f2fc03-ce0b-4cd6-ab25-8b3906feb858,consumer,C2
2024-10-15,DU_8,08f2fc03-ce0b-4cd6-ab25-8b3906feb858,consumer,C1
2024-02-15,DU_10,4ef8599c-2c4b-433e-94c8-ca48e23a5a07,consumer,C1
2024-02-16,DU_10,4ef8599c-2c4b-433e-94c8-ca48e23a5a07,consumer,C3
2024-02-17,DU_10,4ef8599c-2c4b-433e-94c8-ca48e23a5a07,consumer,C1
2024-02-18,DU_10,4ef8599c-2c4b-433e-94c8-ca48e23a5a07,consumer,C3
2024-02-19,DU_10,4ef8599c-2c4b-433e-94c8-ca48e23a5a07,consumer,C3
2024-02-20,DU_10,4ef8599c-2c4b-433e-94c8-ca48e23a5a07,consumer,C1
2024-02-21,DU_10,4ef8599c-2c4b-433e-94c8-ca48e23a5a07,consumer,C3
2024-02-22,DU_10,4ef8599c-2c4b-433e-94c8-ca48e23a5a07,consumer,C3
2024-02-23,DU_10,4ef8599c-2c4b-433e-94c8-ca48e23a5a07,consumer,C2
2024-02-24,DU_10,4ef8599c-2c4b-433e-94c8-ca48e23a5a07,consumer,C2
2024-02-25,DU_10,4ef8599c-2c4b-433e-94c8-ca48e23a5a07,consumer,C1
2024-02-26,DU_10,4ef8599c-2c4b-433e-94c8-ca48e23a5a07,consumer,C3
2024-02-27,DU_10,4ef8599c-2c4b-433e-94c8-ca48e23a5a07,consumer,C3
2024-02-28,DU_10,4ef8599c-2c4b-433e-94c8-ca48e23a5a07,consumer,C3
2024-02-29,DU_10,4ef8599c-2c4b-433e-94c8-ca48e23a5a07,consumer,C3
2024-03-01,DU_10,4ef8599c-2c4b-433e-94c8-ca48e23a5a07,consumer,C3
2024-03-02,DU_10,4ef8599c-2c4b-433e-94c8-ca48e23a5a07,consumer,C3
2024-03-03,DU_10,4ef8599c-2c4b-433e-94c8-ca48e23a5a07,consumer,C1
2024-03-04,DU_10,4ef8599c-2c4b-433e-94c8-ca48e23a5a07,consumer,C1
2024-03-05,DU_10,4ef8599c-2c4b-433e-94c8-ca48e23a5a07,consumer,C3
2024-03-06,DU_10,4ef8599c-2c4b-433e-94c8-ca48e23a5a07,consumer,C3
2024-03-07,DU_10,4ef8599c-2c4b-433e-94c8-ca48e23a5a07,consumer,C3
2024-03-08,DU_10,4ef8599c-2c4b-433e-94c8-ca48e23a5a07,consumer,C3
2024-03-09,DU_10,4ef8599c-2c4b-433e-94c8-ca48e23a5a07,consumer,C1
2024-03-10,DU_10,4ef8599c-2c4b-433e-94c8-ca48e23a5a07,consumer,C0
2024-03-11,DU_10,4ef8599c-2c4b-433e-94c8-ca48e23a5a07,consumer,C3
2024-03-12,DU_10,4ef8599c-2c4b-433e-94c8-ca48e23a5a07,consumer,C0
2024-03-13,DU_10,4ef8599c-2c4b-433e-94c8-ca48e23a5a07,consumer,C1
2024-03-14,DU_10,4ef8599c-2c4b-433e-94c8-ca48e23a5a07,consumer,C3
2024-03-15,DU_10,4ef8599c-2c4b-433e-94c8-ca48e23a5a07,consumer,C3
2024-03-16,DU_10,4ef8599c-2c4b-433e-94c8-ca48e23a5a07,consumer,C2
2024-03-17,DU_10,4ef8599c-2c4b-433e-94c8-ca48e23a5a07,consumer,C3
2024-03-18,DU_10,4ef8599c-2c4b-433e-94c8-ca48e23a5a07,consumer,C3
2024-03-19,DU_10,4ef8599c-2c4b-433e-94c8-ca48e23a5a07,consumer,C3
2024-03-20,DU_10,4ef8599c-2c4b-433e-94c8-ca48e23a5a07,consumer,C3
2024-03-22,DU_10,4ef8599c-2c4b-433e-94c8-ca48e23a5a07,consumer,C2
2024-03-23,DU_10,4ef8599c-2c4b-433e-94c8-ca48e23a5a07,consumer,C1
2024-03-24,DU_10,4ef8599c-2c4b-433e-94c8-ca48e23a5a07,consumer,C1
2024-03-25,DU_10,4ef8599c-2c4b-433e-94c8-ca48e23a5a07,consumer,C3
2024-03-26,DU_10,4ef8599c-2c4b-433e-94c8-ca48e23a5a07,consumer,C1
2024-03-27,DU_10,4ef8599c-2c4b-433e-94c8-ca48e23a5a07,consumer,C3
2024-03-29,DU_10,4ef8599c-2c4b-433e-94c8-ca48e23a5a07,consumer,C0
2024-03-30,DU_10,4ef8599c-2c4b-433e-94c8-ca48e23a5a07,consumer,C3
2024-03-31,DU_10,4ef8599c-2c4b-433e-94c8-ca48e23a5a07,consumer,C3
2024-04-01,DU_10,4ef8599c-2c4b-433e-94c8-ca48e23a5a07,consumer,C2
2024-04-02,DU_10,4ef8599c-2c4b-433e-94c8-ca48e23a5a07,consumer,C1
2024-04-03,DU_10,4ef8599c-2c4b-433e-94c8-ca48e23a5a07,consumer,C3
2024-04-04,DU_10,4ef8599c-2c4b-433e-94c8-ca48e23a5a07,consumer,C3
2024-04-05,DU_10,4ef8599c-2c4b-433e-94c8-ca48e23a5a07,consumer,C1
2024-04-06,DU_10,4ef8599c-2c4b-433e-94c8-ca48e23a5a07,consumer,C2
2024-04-07,DU_10,4ef8599c-2c4b-433e-94c8-ca48e23a5a07,consumer,C3
2024-04-08,DU_10,4ef8599c-2c4b-433e-94c8-ca48e23a5a07,consumer,C3
2024-04-09,DU_10,4ef8599c-2c4b-433e-94c8-ca48e23a5a07,consumer,C1
2024-04-12,DU_10,4ef8599c-2c4b-433e-94c8-ca48e23a5a07,consumer,C0
2024-04-13,DU_10,4ef8599c-2c4b-433e-94c8-ca48e23a5a07,consumer,C0
2024-04-14,DU_10,4ef8599c-2c4b-433e-94c8-ca48e23a5a07,consumer,C0
2024-04-15,DU_10,4ef8599c-2c4b-433e-94c8-ca48e23a5a07,consumer,C3
2024-04-16,DU_10,4ef8599c-2c4b-433e-94c8-ca48e23a5a07,consumer,C3
2024-04-17,DU_10,4ef8599c-2c4b-433e-94c8-ca48e23a5a07,consumer,C3
2024-04-18,DU_10,4ef8599c-2c4b-433e-94c8-ca48e23a5a07,consumer,C3
2024-04-19,DU_10,4ef8599c-2c4b-433e-94c8-ca48e23a5a07,consumer,C2
2024-04-20,DU_10,4ef8599c-2c4b-433e-94c8-ca48e23a5a07,consumer,C3
2024-04-21,DU_10,4ef8599c-2c4b-433e-94c8-ca48e23a5a07,consumer,C3
2024-04-22,DU_10,4ef8599c-2c4b-433e-94c8-ca48e23a5a07,consumer,C3
2024-04-24,DU_10,4ef8599c-2c4b-433e-94c8-ca48e23a5a07,consumer,C3
2024-04-25,DU_10,4ef8599c-2c4b-433e-94c8-ca48e23a5a07,consumer,C1
2024-04-26,DU_10,4ef8599c-2c4b-433e-94c8-ca48e23a5a07,consumer,C2
2024-04-27,DU_10,4ef8599c-2c4b-433e-94c8-ca48e23a5a07,consumer,C2
2024-04-28,DU_10,4ef8599c-2c4b-433e-94c8-ca48e23a5a07,consumer,C3
2024-04-29,DU_10,4ef8599c-2c4b-433e-94c8-ca48e23a5a07,consumer,C1
2024-04-30,DU_10,4ef8599c-2c4b-433e-94c8-ca48e23a5a07,consumer,C0
2024-05-01,DU_10,4ef8599c-2c4b-433e-94c8-ca48e23a5a07,consumer,C0
2024-05-02,DU_10,4ef8599c-2c4b-433e-94c8-ca48e23a5a07,consumer,C3
2024-05-04,DU_10,4ef8599c-2c4b-433e-94c8-ca48e23a5a07,consumer,C3
2024-05-05,DU_10,4ef8599c-2c4b-433e-94c8-ca48e23a5a07,consumer,C2
2024-05-06,DU_10,4ef8599c-2c4b-433e-94c8-ca48e23a5a07,consumer,C3
2024-05-07,DU_10,4ef8599c-2c4b-433e-94c8-ca48e23a5a07,consumer,C1
2024-05-08,DU_10,4ef8599c-2c4b-433e-94c8-ca48e23a5a07,consumer,C0
2024-05-09,DU_10,4ef8599c-2c4b-433e-94c8-ca48e23a5a07,consumer,C3
2024-05-10,DU_10,4ef8599c-2c4b-433e-94c8-ca48e23a5a07,consumer,C0
2024-05-11,DU_10,4ef8599c-2c4b-433e-94c8-ca48e23a5a07,consumer,C0
2024-05-12,DU_10,4ef8599c-2c4b-433e-94c8-ca48e23a5a07,consumer,C0
2024-05-13,DU_10,4ef8599c-2c4b-433e-94c8-ca48e23a5a07,consumer,C3
2024-05-14,DU_10,4ef8599c-2c4b-433e-94c8-ca48e23a5a07,consumer,C2
2024-05-15,DU_10,4ef8599c-2c4b-433e-94c8-ca48e23a5a07,consumer,C3
2024-05-16,DU_10,4ef8599c-2c4b-433e-94c8-ca48e23a5a07,consumer,C3
2024-05-17,DU_10,4ef8599c-2c4b-433e-94c8-ca48e23a5a07,consumer,C0
2024-05-18,DU_10,4ef8599c-2c4b-433e-94c8-ca48e23a5a07,consumer,C0
2024-05-19,DU_10,4ef8599c-2c4b-433e-94c8-ca48e23a5a07,consumer,C3
2024-05-20,DU_10,4ef8599c-2c4b-433e-94c8-ca48e23a5a07,consumer,C3
2024-05-21,DU_10,4ef8599c-2c4b-433e-94c8-ca48e23a5a07,consumer,C1
2024-05-24,DU_10,4ef8599c-2c4b-433e-94c8-ca48e23a5a07,consumer,C0
2024-05-25,DU_10,4ef8599c-2c4b-433e-94c8-ca48e23a5a07,consumer,C3
2024-05-27,DU_10,4ef8599c-2c4b-433e-94c8-ca48e23a5a07,consumer,C3
2024-05-29,DU_10,4ef8599c-2c4b-433e-94c8-ca48e23a5a07,consumer,C3
2024-05-30,DU_10,4ef8599c-2c4b-433e-94c8-ca48e23a5a07,consumer,C2
2024-05-31,DU_10,4ef8599c-2c4b-433e-94c8-ca48e23a5a07,consumer,C3
2024-06-01,DU_10,4ef8599c-2c4b-433e-94c8-ca48e23a5a07,consumer,C2
2024-06-02,DU_10,4ef8599c-2c4b-433e-94c8-ca48e23a5a07,consumer,C3
2024-06-03,DU_10,4ef8599c-2c4b-433e-94c8-ca48e23a5a07,consumer,C3
2024-06-04,DU_10,4ef8599c-2c4b-433e-94c8-ca48e23a5a07,consumer,C2
2024-06-05,DU_10,4ef8599c-2c4b-433e-94c8-ca48e23a5a07,consumer,C1
2024-06-06,DU_10,4ef8599c-2c4b-433e-94c8-ca48e23a5a07,consumer,C1
2024-06-07,DU_10,4ef8599c-2c4b-433e-94c8-ca48e23a5a07,consumer,C3
2024-06-08,DU_10,4ef8599c-2c4b-433e-94c8-ca48e23a5a07,consumer,C2
2024-06-09,DU_10,4ef8599c-2c4b-433e-94c8-ca48e23a5a07,consumer,C3
2024-06-10,DU_10,4ef8599c-2c4b-433e-94c8-ca48e23a5a07,consumer,C3
2024-06-11,DU_10,4ef8599c-2c4b-433e-94c8-ca48e23a5a07,consumer,C3
2024-06-12,DU_10,4ef8599c-2c4b-433e-94c8-ca48e23a5a07,consumer,C3
2024-06-14,DU_10,4ef8599c-2c4b-433e-94c8-ca48e23a5a07,consumer,C2
2024-06-15,DU_10,4ef8599c-2c4b-433e-94c8-ca48e23a5a07,consumer,C2
2024-06-16,DU_10,4ef8599c-2c4b-433e-94c8-ca48e23a5a07,consumer,C3
2024-06-18,DU_10,4ef8599c-2c4b-433e-94c8-ca48e23a5a07,consumer,C1
2024-06-19,DU_10,4ef8599c-2c4b-433e-94c8-ca48e23a5a07,consumer,C3
2024-06-20,DU_10,4ef8599c-2c4b-433e-94c8-ca48e23a5a07,consumer,C3
2024-06-21,DU_10,4ef8599c-2c4b-433e-94c8-ca48e23a5a07,consumer,C0
2024-06-22,DU_10,4ef8599c-2c4b-433e-94c8-ca48e23a5a07,consumer,C3
2024-06-23,DU_10,4ef8599c-2c4b-433e-94c8-ca48e23a5a07,consumer,C1
2024-06-26,DU_10,4ef8599c-2c4b-433e-94c8-ca48e23a5a07,consumer,C2
2024-06-28,DU_10,4ef8599c-2c4b-433e-94c8-ca48e23a5a07,consumer,C2
2024-06-29,DU_10,4ef8599c-2c4b-433e-94c8-ca48e23a5a07,consumer,C1
2024-06-30,DU_10,4ef8599c-2c4b-433e-94c8-ca48e23a5a07,consumer,C3
2024-07-01,DU_10,4ef8599c-2c4b-433e-94c8-ca48e23a5a07,consumer,C1
2024-07-02,DU_10,4ef8599c-2c4b-433e-94c8-ca48e23a5a07,consumer,C3
2024-07-03,DU_10,4ef8599c-2c4b-433e-94c8-ca48e23a5a07,consumer,C3
2024-07-04,DU_10,4ef8599c-2c4b-433e-94c8-ca48e23a5a07,consumer,C3
2024-07-07,DU_10,4ef8599c-2c4b-433e-94c8-ca48e23a5a07,consumer,C2
2024-07-08,DU_10,4ef8599c-2c4b-433e-94c8-ca48e23a5a07,consumer,C3
2024-07-09,DU_10,4ef8599c-2c4b-433e-94c8-ca48e23a5a07,consumer,C0
2024-07-10,DU_10,4ef8599c-2c4b-433e-94c8-ca48e23a5a07,consumer,C3
2024-07-15,DU_10,4ef8599c-2c4b-433e-94c8-ca48e23a5a07,consumer,C3
2024-07-16,DU_10,4ef8599c-2c4b-433e-94c8-ca48e23a5a07,consumer,C0
2024-07-18,DU_10,4ef8599c-2c4b-433e-94c8-ca48e23a5a07,consumer,C3
2024-07-19,DU_10,4ef8599c-2c4b-433e-94c8-ca48e23a5a07,consumer,C1
2024-07-20,DU_10,4ef8599c-2c4b-433e-94c8-ca48e23a5a07,consumer,C3
2024-09-04,DU_10,4ef8599c-2c4b-433e-94c8-ca48e23a5a07,consumer,C0
2024-09-05,DU_10,4ef8599c-2c4b-433e-94c8-ca48e23a5a07,consumer,C1
2024-09-06,DU_10,4ef8599c-2c4b-433e-94c8-ca48e23a5a07,consumer,C0
2024-09-07,DU_10,4ef8599c-2c4b-433e-94c8-ca48e23a5a07,consumer,C1
2024-09-08,DU_10,4ef8599c-2c4b-433e-94c8-ca48e23a5a07,consumer,C0
2024-09-09,DU_10,4ef8599c-2c4b-433e-94c8-ca48e23a5a07,consumer,C3
2024-09-10,DU_10,4ef8599c-2c4b-433e-94c8-ca48e23a5a07,consumer,C0
2024-09-11,DU_10,4ef8599c-2c4b-433e-94c8-ca48e23a5a07,consumer,C0
2024-09-12,DU_10,4ef8599c-2c4b-433e-94c8-ca48e23a5a07,consumer,C1
2024-09-14,DU_10,4ef8599c-2c4b-433e-94c8-ca48e23a5a07,consumer,C2
2024-09-15,DU_10,4ef8599c-2c4b-433e-94c8-ca48e23a5a07,consumer,C3
2024-09-16,DU_10,4ef8599c-2c4b-433e-94c8-ca48e23a5a07,consumer,C3
2024-09-18,DU_10,4ef8599c-2c4b-433e-94c8-ca48e23a5a07,consumer,C1
2024-09-19,DU_10,4ef8599c-2c4b-433e-94c8-ca48e23a5a07,consumer,C2
2024-09-20,DU_10,4ef8599c-2c4b-433e-94c8-ca48e23a5a07,consumer,C0
2024-09-21,DU_10,4ef8599c-2c4b-433e-94c8-ca48e23a5a07,consumer,C3
2024-09-22,DU_10,4ef8599c-2c4b-433e-94c8-ca48e23a5a07,consumer,C0
2024-09-23,DU_10,4ef8599c-2c4b-433e-94c8-ca48e23a5a07,consumer,C3
2024-09-24,DU_10,4ef8599c-2c4b-433e-94c8-ca48e23a5a07,consumer,C3
2024-09-25,DU_10,4ef8599c-2c4b-433e-94c8-ca48e23a5a07,consumer,C3
2024-09-26,DU_10,4ef8599c-2c4b-433e-94c8-ca48e23a5a07,consumer,C3
2024-09-27,DU_10,4ef8599c-2c4b-433e-94c8-ca48e23a5a07,consumer,C1
2024-09-28,DU_10,4ef8599c-2c4b-433e-94c8-ca48e23a5a07,consumer,C3
2024-09-29,DU_10,4ef8599c-2c4b-433e-94c8-ca48e23a5a07,consumer,C2
2024-09-30,DU_10,4ef8599c-2c4b-433e-94c8-ca48e23a5a07,consumer,C0
2024-10-02,DU_10,4ef8599c-2c4b-433e-94c8-ca48e23a5a07,consumer,C1
2024-10-03,DU_10,4ef8599c-2c4b-433e-94c8-ca48e23a5a07,consumer,C3
2024-10-04,DU_10,4ef8599c-2c4b-433e-94c8-ca48e23a5a07,consumer,C2
2024-10-05,DU_10,4ef8599c-2c4b-433e-94c8-ca48e23a5a07,consumer,C0
2024-10-06,DU_10,4ef8599c-2c4b-433e-94c8-ca48e23a5a07,consumer,C3
2024-10-07,DU_10,4ef8599c-2c4b-433e-94c8-ca48e23a5a07,consumer,C3
2024-10-08,DU_10,4ef8599c-2c4b-433e-94c8-ca48e23a5a07,consumer,C3
2024-10-09,DU_10,4ef8599c-2c4b-433e-94c8-ca48e23a5a07,consumer,C3
2024-10-10,DU_10,4ef8599c-2c4b-433e-94c8-ca48e23a5a07,consumer,C1
2024-10-11,DU_10,4ef8599c-2c4b-433e-94c8-ca48e23a5a07,consumer,C2
2024-10-12,DU_10,4ef8599c-2c4b-433e-94c8-ca48e23a5a07,consumer,C1
2024-10-13,DU_10,4ef8599c-2c4b-433e-94c8-ca48e23a5a07,consumer,C3
2024-10-14,DU_10,4ef8599c-2c4b-433e-94c8-ca48e23a5a07,consumer,C3
2024-10-15,DU_10,4ef8599c-2c4b-433e-94c8-ca48e23a5a07,consumer,C3
2024-01-01,DU_1,7436df46-294b-4c97-bd1b-8aaa3aed97c5,prostormer,P0
2024-01-02,DU_1,7436df46-294b-4c97-bd1b-8aaa3aed97c5,prostormer,P1
2024-01-05,DU_1,7436df46-294b-4c97-bd1b-8aaa3aed97c5,prostormer,P3
2024-01-06,DU_1,7436df46-294b-4c97-bd1b-8aaa3aed97c5,prostormer,P2
2024-01-07,DU_1,7436df46-294b-4c97-bd1b-8aaa3aed97c5,prostormer,P0
2024-01-08,DU_1,7436df46-294b-4c97-bd1b-8aaa3aed97c5,prostormer,P0
2024-01-10,DU_1,7436df46-294b-4c97-bd1b-8aaa3aed97c5,prostormer,P0
2024-01-11,DU_1,7436df46-294b-4c97-bd1b-8aaa3aed97c5,prostormer,P1
2024-01-12,DU_1,7436df46-294b-4c97-bd1b-8aaa3aed97c5,prostormer,P1
2024-01-13,DU_1,7436df46-294b-4c97-bd1b-8aaa3aed97c5,prostormer,P0
2024-01-14,DU_1,7436df46-294b-4c97-bd1b-8aaa3aed97c5,prostormer,P2
2024-01-15,DU_1,7436df46-294b-4c97-bd1b-8aaa3aed97c5,prostormer,P3
2024-01-16,DU_1,7436df46-294b-4c97-bd1b-8aaa3aed97c5,prostormer,P1
2024-01-17,DU_1,7436df46-294b-4c97-bd1b-8aaa3aed97c5,prostormer,P2
2024-01-18,DU_1,7436df46-294b-4c97-bd1b-8aaa3aed97c5,prostormer,P2
2024-01-19,DU_1,7436df46-294b-4c97-bd1b-8aaa3aed97c5,prostormer,P1
2024-01-20,DU_1,7436df46-294b-4c97-bd1b-8aaa3aed97c5,prostormer,P2
2024-01-21,DU_1,7436df46-294b-4c97-bd1b-8aaa3aed97c5,prostormer,P0
2024-01-22,DU_1,7436df46-294b-4c97-bd1b-8aaa3aed97c5,prostormer,P3
2024-01-23,DU_1,7436df46-294b-4c97-bd1b-8aaa3aed97c5,prostormer,P0
2024-01-24,DU_1,7436df46-294b-4c97-bd1b-8aaa3aed97c5,prostormer,P1
2024-01-25,DU_1,7436df46-294b-4c97-bd1b-8aaa3aed97c5,prostormer,P3
2024-01-26,DU_1,7436df46-294b-4c97-bd1b-8aaa3aed97c5,prostormer,P0
2024-01-27,DU_1,7436df46-294b-4c97-bd1b-8aaa3aed97c5,prostormer,P1
2024-01-28,DU_1,7436df46-294b-4c97-bd1b-8aaa3aed97c5,prostormer,P0
2024-01-29,DU_1,7436df46-294b-4c97-bd1b-8aaa3aed97c5,prostormer,P3
2024-01-30,DU_1,7436df46-294b-4c97-bd1b-8aaa3aed97c5,prostormer,P0
2024-01-31,DU_1,7436df46-294b-4c97-bd1b-8aaa3aed97c5,prostormer,P0
2024-02-02,DU_1,7436df46-294b-4c97-bd1b-8aaa3aed97c5,prostormer,P1
2024-02-21,DU_1,7436df46-294b-4c97-bd1b-8aaa3aed97c5,prostormer,P1
2024-02-24,DU_1,7436df46-294b-4c97-bd1b-8aaa3aed97c5,prostormer,P0
2024-02-25,DU_1,7436df46-294b-4c97-bd1b-8aaa3aed97c5,prostormer,P2
2024-02-26,DU_1,7436df46-294b-4c97-bd1b-8aaa3aed97c5,prostormer,P3
2024-02-27,DU_1,7436df46-294b-4c97-bd1b-8aaa3aed97c5,prostormer,P0
2024-02-28,DU_1,7436df46-294b-4c97-bd1b-8aaa3aed97c5,prostormer,P0
2024-03-01,DU_1,7436df46-294b-4c97-bd1b-8aaa3aed97c5,prostormer,P0
2024-03-02,DU_1,7436df46-294b-4c97-bd1b-8aaa3aed97c5,prostormer,P0
2024-03-03,DU_1,7436df46-294b-4c97-bd1b-8aaa3aed97c5,prostormer,P0
2024-03-04,DU_1,7436df46-294b-4c97-bd1b-8aaa3aed97c5,prostormer,P0
2024-03-05,DU_1,7436df46-294b-4c97-bd1b-8aaa3aed97c5,prostormer,P0
2024-03-06,DU_1,7436df46-294b-4c97-bd1b-8aaa3aed97c5,prostormer,P0
2024-03-07,DU_1,7436df46-294b-4c97-bd1b-8aaa3aed97c5,prostormer,P0
2024-03-08,DU_1,7436df46-294b-4c97-bd1b-8aaa3aed97c5,prostormer,P2
2024-03-09,DU_1,7436df46-294b-4c97-bd1b-8aaa3aed97c5,prostormer,P3
2024-03-10,DU_1,7436df46-294b-4c97-bd1b-8aaa3aed97c5,prostormer,P0
2024-03-12,DU_1,7436df46-294b-4c97-bd1b-8aaa3aed97c5,prostormer,P0
2024-03-13,DU_1,7436df46-294b-4c97-bd1b-8aaa3aed97c5,prostormer,P1
2024-03-14,DU_1,7436df46-294b-4c97-bd1b-8aaa3aed97c5,prostormer,P1
2024-03-15,DU_1,7436df46-294b-4c97-bd1b-8aaa3aed97c5,prostormer,P3
2024-03-16,DU_1,7436df46-294b-4c97-bd1b-8aaa3aed97c5,prostormer,P2
2024-03-17,DU_1,7436df46-294b-4c97-bd1b-8aaa3aed97c5,prostormer,P2
2024-03-18,DU_1,7436df46-294b-4c97-bd1b-8aaa3aed97c5,prostormer,P3
2024-03-19,DU_1,7436df46-294b-4c97-bd1b-8aaa3aed97c5,prostormer,P3
2024-03-20,DU_1,7436df46-294b-4c97-bd1b-8aaa3aed97c5,prostormer,P2
2024-03-21,DU_1,7436df46-294b-4c97-bd1b-8aaa3aed97c5,prostormer,P1
2024-03-22,DU_1,7436df46-294b-4c97-bd1b-8aaa3aed97c5,prostormer,P2
2024-03-23,DU_1,7436df46-294b-4c97-bd1b-8aaa3aed97c5,prostormer,P2
2024-03-24,DU_1,7436df46-294b-4c97-bd1b-8aaa3aed97c5,prostormer,P2
2024-03-25,DU_1,7436df46-294b-4c97-bd1b-8aaa3aed97c5,prostormer,P3
2024-03-26,DU_1,7436df46-294b-4c97-bd1b-8aaa3aed97c5,prostormer,P2
2024-03-27,DU_1,7436df46-294b-4c97-bd1b-8aaa3aed97c5,prostormer,P2
2024-03-28,DU_1,7436df46-294b-4c97-bd1b-8aaa3aed97c5,prostormer,P3
2024-03-29,DU_1,7436df46-294b-4c97-bd1b-8aaa3aed97c5,prostormer,P2
2024-03-30,DU_1,7436df46-294b-4c97-bd1b-8aaa3aed97c5,prostormer,P2
2024-03-31,DU_1,7436df46-294b-4c97-bd1b-8aaa3aed97c5,prostormer,P2
2024-04-01,DU_1,7436df46-294b-4c97-bd1b-8aaa3aed97c5,prostormer,P0
2024-04-02,DU_1,7436df46-294b-4c97-bd1b-8aaa3aed97c5,prostormer,P1
2024-04-03,DU_1,7436df46-294b-4c97-bd1b-8aaa3aed97c5,prostormer,P2
2024-04-04,DU_1,7436df46-294b-4c97-bd1b-8aaa3aed97c5,prostormer,P2
2024-04-05,DU_1,7436df46-294b-4c97-bd1b-8aaa3aed97c5,prostormer,P2
2024-04-06,DU_1,7436df46-294b-4c97-bd1b-8aaa3aed97c5,prostormer,P2
2024-04-07,DU_1,7436df46-294b-4c97-bd1b-8aaa3aed97c5,prostormer,P0
2024-04-08,DU_1,7436df46-294b-4c97-bd1b-8aaa3aed97c5,prostormer,P2
2024-04-09,DU_1,7436df46-294b-4c97-bd1b-8aaa3aed97c5,prostormer,P2
2024-04-10,DU_1,7436df46-294b-4c97-bd1b-8aaa3aed97c5,prostormer,P2
2024-04-11,DU_1,7436df46-294b-4c97-bd1b-8aaa3aed97c5,prostormer,P2
2024-04-12,DU_1,7436df46-294b-4c97-bd1b-8aaa3aed97c5,prostormer,P2
2024-04-13,DU_1,7436df46-294b-4c97-bd1b-8aaa3aed97c5,prostormer,P2
2024-04-14,DU_1,7436df46-294b-4c97-bd1b-8aaa3aed97c5,prostormer,P3
2024-04-15,DU_1,7436df46-294b-4c97-bd1b-8aaa3aed97c5,prostormer,P2
2024-04-16,DU_1,7436df46-294b-4c97-bd1b-8aaa3aed97c5,prostormer,P2
2024-04-17,DU_1,7436df46-294b-4c97-bd1b-8aaa3aed97c5,prostormer,P1
2024-04-18,DU_1,7436df46-294b-4c97-bd1b-8aaa3aed97c5,prostormer,P3
2024-04-19,DU_1,7436df46-294b-4c97-bd1b-8aaa3aed97c5,prostormer,P2
2024-04-20,DU_1,7436df46-294b-4c97-bd1b-8aaa3aed97c5,prostormer,P3
2024-04-21,DU_1,7436df46-294b-4c97-bd1b-8aaa3aed97c5,prostormer,P3
2024-04-22,DU_1,7436df46-294b-4c97-bd1b-8aaa3aed97c5,prostormer,P0
2024-04-24,DU_1,7436df46-294b-4c97-bd1b-8aaa3aed97c5,prostormer,P0
2024-04-25,DU_1,7436df46-294b-4c97-bd1b-8aaa3aed97c5,prostormer,P2
2024-04-26,DU_1,7436df46-294b-4c97-bd1b-8aaa3aed97c5,prostormer,P0
2024-04-27,DU_1,7436df46-294b-4c97-bd1b-8aaa3aed97c5,prostormer,P1
2024-04-28,DU_1,7436df46-294b-4c97-bd1b-8aaa3aed97c5,prostormer,P2
2024-04-29,DU_1,7436df46-294b-4c97-bd1b-8aaa3aed97c5,prostormer,P2
2024-04-30,DU_1,7436df46-294b-4c97-bd1b-8aaa3aed97c5,prostormer,P2
2024-05-01,DU_1,7436df46-294b-4c97-bd1b-8aaa3aed97c5,prostormer,P2
2024-05-02,DU_1,7436df46-294b-4c97-bd1b-8aaa3aed97c5,prostormer,P1
2024-05-03,DU_1,7436df46-294b-4c97-bd1b-8aaa3aed97c5,prostormer,P2
2024-05-04,DU_1,7436df46-294b-4c97-bd1b-8aaa3aed97c5,prostormer,P2
2024-05-05,DU_1,7436df46-294b-4c97-bd1b-8aaa3aed97c5,prostormer,P3
2024-05-06,DU_1,7436df46-294b-4c97-bd1b-8aaa3aed97c5,prostormer,P2
2024-05-07,DU_1,7436df46-294b-4c97-bd1b-8aaa3aed97c5,prostormer,P2
2024-05-08,DU_1,7436df46-294b-4c97-bd1b-8aaa3aed97c5,prostormer,P2
2024-05-09,DU_1,7436df46-294b-4c97-bd1b-8aaa3aed97c5,prostormer,P2
2024-05-10,DU_1,7436df46-294b-4c97-bd1b-8aaa3aed97c5,prostormer,P3
2024-05-11,DU_1,7436df46-294b-4c97-bd1b-8aaa3aed97c5,prostormer,P2
2024-05-12,DU_1,7436df46-294b-4c97-bd1b-8aaa3aed97c5,prostormer,P2
2024-05-13,DU_1,7436df46-294b-4c97-bd1b-8aaa3aed97c5,prostormer,P2
2024-05-14,DU_1,7436df46-294b-4c97-bd1b-8aaa3aed97c5,prostormer,P2
2024-05-15,DU_1,7436df46-294b-4c97-bd1b-8aaa3aed97c5,prostormer,P2
2024-05-16,DU_1,7436df46-294b-4c97-bd1b-8aaa3aed97c5,prostormer,P1
2024-05-17,DU_1,7436df46-294b-4c97-bd1b-8aaa3aed97c5,prostormer,P2
2024-05-18,DU_1,7436df46-294b-4c97-bd1b-8aaa3aed97c5,prostormer,P2
2024-05-19,DU_1,7436df46-294b-4c97-bd1b-8aaa3aed97c5,prostormer,P2
2024-05-20,DU_1,7436df46-294b-4c97-bd1b-8aaa3aed97c5,prostormer,P2
2024-05-21,DU_1,7436df46-294b-4c97-bd1b-8aaa3aed97c5,prostormer,P2
2024-05-22,DU_1,7436df46-294b-4c97-bd1b-8aaa3aed97c5,prostormer,P2
2024-05-23,DU_1,7436df46-294b-4c97-bd1b-8aaa3aed97c5,prostormer,P2
2024-05-24,DU_1,7436df46-294b-4c97-bd1b-8aaa3aed97c5,prostormer,P2
2024-05-25,DU_1,7436df46-294b-4c97-bd1b-8aaa3aed97c5,prostormer,P2
2024-05-26,DU_1,7436df46-294b-4c97-bd1b-8aaa3aed97c5,prostormer,P2
2024-05-27,DU_1,7436df46-294b-4c97-bd1b-8aaa3aed97c5,prostormer,P2
2024-05-28,DU_1,7436df46-294b-4c97-bd1b-8aaa3aed97c5,prostormer,P2
2024-05-29,DU_1,7436df46-294b-4c97-bd1b-8aaa3aed97c5,prostormer,P2
2024-05-30,DU_1,7436df46-294b-4c97-bd1b-8aaa3aed97c5,prostormer,P3
2024-06-01,DU_1,7436df46-294b-4c97-bd1b-8aaa3aed97c5,prostormer,P2
2024-06-02,DU_1,7436df46-294b-4c97-bd1b-8aaa3aed97c5,prostormer,P3
2024-06-03,DU_1,7436df46-294b-4c97-bd1b-8aaa3aed97c5,prostormer,P2
2024-06-04,DU_1,7436df46-294b-4c97-bd1b-8aaa3aed97c5,prostormer,P2
2024-06-05,DU_1,7436df46-294b-4c97-bd1b-8aaa3aed97c5,prostormer,P2
2024-06-06,DU_1,7436df46-294b-4c97-bd1b-8aaa3aed97c5,prostormer,P2
2024-06-07,DU_1,7436df46-294b-4c97-bd1b-8aaa3aed97c5,prostormer,P2
2024-06-08,DU_1,7436df46-294b-4c97-bd1b-8aaa3aed97c5,prostormer,P3
2024-06-09,DU_1,7436df46-294b-4c97-bd1b-8aaa3aed97c5,prostormer,P2
2024-06-10,DU_1,7436df46-294b-4c97-bd1b-8aaa3aed97c5,prostormer,P2
2024-06-11,DU_1,7436df46-294b-4c97-bd1b-8aaa3aed97c5,prostormer,P3
2024-06-12,DU_1,7436df46-294b-4c97-bd1b-8aaa3aed97c5,prostormer,P1
2024-06-13,DU_1,7436df46-294b-4c97-bd1b-8aaa3aed97c5,prostormer,P2
2024-06-14,DU_1,7436df46-294b-4c97-bd1b-8aaa3aed97c5,prostormer,P2
2024-06-15,DU_1,7436df46-294b-4c97-bd1b-8aaa3aed97c5,prostormer,P2
2024-06-16,DU_1,7436df46-294b-4c97-bd1b-8aaa3aed97c5,prostormer,P2
2024-06-17,DU_1,7436df46-294b-4c97-bd1b-8aaa3aed97c5,prostormer,P2
2024-06-18,DU_1,7436df46-294b-4c97-bd1b-8aaa3aed97c5,prostormer,P2
2024-06-19,DU_1,7436df46-294b-4c97-bd1b-8aaa3aed97c5,prostormer,P2
2024-06-20,DU_1,7436df46-294b-4c97-bd1b-8aaa3aed97c5,prostormer,P2
2024-06-21,DU_1,7436df46-294b-4c97-bd1b-8aaa3aed97c5,prostormer,P2
2024-06-22,DU_1,7436df46-294b-4c97-bd1b-8aaa3aed97c5,prostormer,P2
2024-06-23,DU_1,7436df46-294b-4c97-bd1b-8aaa3aed97c5,prostormer,P3
2024-06-25,DU_1,7436df46-294b-4c97-bd1b-8aaa3aed97c5,prostormer,P2
2024-06-26,DU_1,7436df46-294b-4c97-bd1b-8aaa3aed97c5,prostormer,P2
2024-06-27,DU_1,7436df46-294b-4c97-bd1b-8aaa3aed97c5,prostormer,P2
2024-06-28,DU_1,7436df46-294b-4c97-bd1b-8aaa3aed97c5,prostormer,P2
2024-06-29,DU_1,7436df46-294b-4c97-bd1b-8aaa3aed97c5,prostormer,P0
2024-06-30,DU_1,7436df46-294b-4c97-bd1b-8aaa3aed97c5,prostormer,P2
2024-07-01,DU_1,7436df46-294b-4c97-bd1b-8aaa3aed97c5,prostormer,P2
2024-07-02,DU_1,7436df46-294b-4c97-bd1b-8aaa3aed97c5,prostormer,P2
2024-07-03,DU_1,7436df46-294b-4c97-bd1b-8aaa3aed97c5,prostormer,P2
2024-07-04,DU_1,7436df46-294b-4c97-bd1b-8aaa3aed97c5,prostormer,P2
2024-07-07,DU_1,7436df46-294b-4c97-bd1b-8aaa3aed97c5,prostormer,P2
2024-07-08,DU_1,7436df46-294b-4c97-bd1b-8aaa3aed97c5,prostormer,P3
2024-07-09,DU_1,7436df46-294b-4c97-bd1b-8aaa3aed97c5,prostormer,P3
2024-07-10,DU_1,7436df46-294b-4c97-bd1b-8aaa3aed97c5,prostormer,P0
2024-07-11,DU_1,7436df46-294b-4c97-bd1b-8aaa3aed97c5,prostormer,P2
2024-07-12,DU_1,7436df46-294b-4c97-bd1b-8aaa3aed97c5,prostormer,P2
2024-07-13,DU_1,7436df46-294b-4c97-bd1b-8aaa3aed97c5,prostormer,P2
2024-07-14,DU_1,7436df46-294b-4c97-bd1b-8aaa3aed97c5,prostormer,P3
2024-07-15,DU_1,7436df46-294b-4c97-bd1b-8aaa3aed97c5,prostormer,P3
2024-07-16,DU_1,7436df46-294b-4c97-bd1b-8aaa3aed97c5,prostormer,P3
2024-07-17,DU_1,7436df46-294b-4c97-bd1b-8aaa3aed97c5,prostormer,P3
2024-07-18,DU_1,7436df46-294b-4c97-bd1b-8aaa3aed97c5,prostormer,P3
2024-07-19,DU_1,7436df46-294b-4c97-bd1b-8aaa3aed97c5,prostormer,P0
2024-07-20,DU_1,7436df46-294b-4c97-bd1b-8aaa3aed97c5,prostormer,P3
2024-07-21,DU_1,7436df46-294b-4c97-bd1b-8aaa3aed97c5,prostormer,P3
2024-09-04,DU_1,7436df46-294b-4c97-bd1b-8aaa3aed97c5,prostormer,P3
2024-09-05,DU_1,7436df46-294b-4c97-bd1b-8aaa3aed97c5,prostormer,P3
2024-09-06,DU_1,7436df46-294b-4c97-bd1b-8aaa3aed97c5,prostormer,P3
2024-09-07,DU_1,7436df46-294b-4c97-bd1b-8aaa3aed97c5,prostormer,P3
2024-09-08,DU_1,7436df46-294b-4c97-bd1b-8aaa3aed97c5,prostormer,P1
2024-09-09,DU_1,7436df46-294b-4c97-bd1b-8aaa3aed97c5,prostormer,P0
2024-09-10,DU_1,7436df46-294b-4c97-bd1b-8aaa3aed97c5,prostormer,P3
2024-09-11,DU_1,7436df46-294b-4c97-bd1b-8aaa3aed97c5,prostormer,P0
2024-09-13,DU_1,7436df46-294b-4c97-bd1b-8aaa3aed97c5,prostormer,P3
2024-09-14,DU_1,7436df46-294b-4c97-bd1b-8aaa3aed97c5,prostormer,P2
2024-09-15,DU_1,7436df46-294b-4c97-bd1b-8aaa3aed97c5,prostormer,P3
2024-09-16,DU_1,7436df46-294b-4c97-bd1b-8aaa3aed97c5,prostormer,P3
2024-09-17,DU_1,7436df46-294b-4c97-bd1b-8aaa3aed97c5,prostormer,P3
2024-09-18,DU_1,7436df46-294b-4c97-bd1b-8aaa3aed97c5,prostormer,P3
2024-09-19,DU_1,7436df46-294b-4c97-bd1b-8aaa3aed97c5,prostormer,P3
2024-09-20,DU_1,7436df46-294b-4c97-bd1b-8aaa3aed97c5,prostormer,P3
2024-09-21,DU_1,7436df46-294b-4c97-bd1b-8aaa3aed97c5,prostormer,P2
2024-09-22,DU_1,7436df46-294b-4c97-bd1b-8aaa3aed97c5,prostormer,P2
2024-09-23,DU_1,7436df46-294b-4c97-bd1b-8aaa3aed97c5,prostormer,P2
2024-09-24,DU_1,7436df46-294b-4c97-bd1b-8aaa3aed97c5,prostormer,P1
2024-09-25,DU_1,7436df46-294b-4c97-bd1b-8aaa3aed97c5,prostormer,P2
2024-09-26,DU_1,7436df46-294b-4c97-bd1b-8aaa3aed97c5,prostormer,P2
2024-09-27,DU_1,7436df46-294b-4c97-bd1b-8aaa3aed97c5,prostormer,P0
2024-09-28,DU_1,7436df46-294b-4c97-bd1b-8aaa3aed97c5,prostormer,P2
2024-09-29,DU_1,7436df46-294b-4c97-bd1b-8aaa3aed97c5,prostormer,P2
2024-09-30,DU_1,7436df46-294b-4c97-bd1b-8aaa3aed97c5,prostormer,P2
2024-10-01,DU_1,7436df46-294b-4c97-bd1b-8aaa3aed97c5,prostormer,P2
2024-10-02,DU_1,7436df46-294b-4c97-bd1b-8aaa3aed97c5,prostormer,P0
2024-10-03,DU_1,7436df46-294b-4c97-bd1b-8aaa3aed97c5,prostormer,P3
2024-10-04,DU_1,7436df46-294b-4c97-bd1b-8aaa3aed97c5,prostormer,P0
2024-10-05,DU_1,7436df46-294b-4c97-bd1b-8aaa3aed97c5,prostormer,P2
2024-10-06,DU_1,7436df46-294b-4c97-bd1b-8aaa3aed97c5,prostormer,P3
2024-10-07,DU_1,7436df46-294b-4c97-bd1b-8aaa3aed97c5,prostormer,P2
2024-10-08,DU_1,7436df46-294b-4c97-bd1b-8aaa3aed97c5,prostormer,P2
2024-10-09,DU_1,7436df46-294b-4c97-bd1b-8aaa3aed97c5,prostormer,P1
2024-10-10,DU_1,7436df46-294b-4c97-bd1b-8aaa3aed97c5,prostormer,P3
2024-10-11,DU_1,7436df46-294b-4c97-bd1b-8aaa3aed97c5,prostormer,P3
2024-10-12,DU_1,7436df46-294b-4c97-bd1b-8aaa3aed97c5,prostormer,P3
2024-10-13,DU_1,7436df46-294b-4c97-bd1b-8aaa3aed97c5,prostormer,P2
2024-10-14,DU_1,7436df46-294b-4c97-bd1b-8aaa3aed97c5,prostormer,P3
2024-02-20,DU_2,80c3bedd-8c41-450c-ae52-1864b9ace7aa,prostormer,P0
2024-02-23,DU_2,80c3bedd-8c41-450c-ae52-1864b9ace7aa,prostormer,P1
2024-02-24,DU_2,80c3bedd-8c41-450c-ae52-1864b9ace7aa,prostormer,P3
2024-02-25,DU_2,80c3bedd-8c41-450c-ae52-1864b9ace7aa,prostormer,P2
2024-02-26,DU_2,80c3bedd-8c41-450c-ae52-1864b9ace7aa,prostormer,P3
2024-02-27,DU_2,80c3bedd-8c41-450c-ae52-1864b9ace7aa,prostormer,P0
2024-02-29,DU_2,80c3bedd-8c41-450c-ae52-1864b9ace7aa,prostormer,P3
2024-03-01,DU_2,80c3bedd-8c41-450c-ae52-1864b9ace7aa,prostormer,P1
2024-03-02,DU_2,80c3bedd-8c41-450c-ae52-1864b9ace7aa,prostormer,P0
2024-03-03,DU_2,80c3bedd-8c41-450c-ae52-1864b9ace7aa,prostormer,P3
2024-03-04,DU_2,80c3bedd-8c41-450c-ae52-1864b9ace7aa,prostormer,P0
2024-03-05,DU_2,80c3bedd-8c41-450c-ae52-1864b9ace7aa,prostormer,P2
2024-03-06,DU_2,80c3bedd-8c41-450c-ae52-1864b9ace7aa,prostormer,P2
2024-03-07,DU_2,80c3bedd-8c41-450c-ae52-1864b9ace7aa,prostormer,P1
2024-03-08,DU_2,80c3bedd-8c41-450c-ae52-1864b9ace7aa,prostormer,P2
2024-03-09,DU_2,80c3bedd-8c41-450c-ae52-1864b9ace7aa,prostormer,P0
2024-03-10,DU_2,80c3bedd-8c41-450c-ae52-1864b9ace7aa,prostormer,P1
2024-03-11,DU_2,80c3bedd-8c41-450c-ae52-1864b9ace7aa,prostormer,P1
2024-03-12,DU_2,80c3bedd-8c41-450c-ae52-1864b9ace7aa,prostormer,P3
2024-03-13,DU_2,80c3bedd-8c41-450c-ae52-1864b9ace7aa,prostormer,P2
2024-03-14,DU_2,80c3bedd-8c41-450c-ae52-1864b9ace7aa,prostormer,P2
2024-03-15,DU_2,80c3bedd-8c41-450c-ae52-1864b9ace7aa,prostormer,P3
2024-03-16,DU_2,80c3bedd-8c41-450c-ae52-1864b9ace7aa,prostormer,P2
2024-03-17,DU_2,80c3bedd-8c41-450c-ae52-1864b9ace7aa,prostormer,P0
2024-03-18,DU_2,80c3bedd-8c41-450c-ae52-1864b9ace7aa,prostormer,P1
2024-03-19,DU_2,80c3bedd-8c41-450c-ae52-1864b9ace7aa,prostormer,P2
2024-03-20,DU_2,80c3bedd-8c41-450c-ae52-1864b9ace7aa,prostormer,P3
2024-03-21,DU_2,80c3bedd-8c41-450c-ae52-1864b9ace7aa,prostormer,P1
2024-03-22,DU_2,80c3bedd-8c41-450c-ae52-1864b9ace7aa,prostormer,P0
2024-03-23,DU_2,80c3bedd-8c41-450c-ae52-1864b9ace7aa,prostormer,P3
2024-03-24,DU_2,80c3bedd-8c41-450c-ae52-1864b9ace7aa,prostormer,P3
2024-03-25,DU_2,80c3bedd-8c41-450c-ae52-1864b9ace7aa,prostormer,P0
2024-03-26,DU_2,80c3bedd-8c41-450c-ae52-1864b9ace7aa,prostormer,P0
2024-03-27,DU_2,80c3bedd-8c41-450c-ae52-1864b9ace7aa,prostormer,P0
2024-03-28,DU_2,80c3bedd-8c41-450c-ae52-1864b9ace7aa,prostormer,P3
2024-03-29,DU_2,80c3bedd-8c41-450c-ae52-1864b9ace7aa,prostormer,P2
2024-03-30,DU_2,80c3bedd-8c41-450c-ae52-1864b9ace7aa,prostormer,P2
2024-03-31,DU_2,80c3bedd-8c41-450c-ae52-1864b9ace7aa,prostormer,P2
2024-04-02,DU_2,80c3bedd-8c41-450c-ae52-1864b9ace7aa,prostormer,P3
2024-04-06,DU_2,80c3bedd-8c41-450c-ae52-1864b9ace7aa,prostormer,P2
2024-04-07,DU_2,80c3bedd-8c41-450c-ae52-1864b9ace7aa,prostormer,P1
2024-04-08,DU_2,80c3bedd-8c41-450c-ae52-1864b9ace7aa,prostormer,P3
2024-04-09,DU_2,80c3bedd-8c41-450c-ae52-1864b9ace7aa,prostormer,P1
2024-04-10,DU_2,80c3bedd-8c41-450c-ae52-1864b9ace7aa,prostormer,P0
2024-04-11,DU_2,80c3bedd-8c41-450c-ae52-1864b9ace7aa,prostormer,P3
2024-04-12,DU_2,80c3bedd-8c41-450c-ae52-1864b9ace7aa,prostormer,P2
2024-04-14,DU_2,80c3bedd-8c41-450c-ae52-1864b9ace7aa,prostormer,P0
2024-04-15,DU_2,80c3bedd-8c41-450c-ae52-1864b9ace7aa,prostormer,P3
2024-04-16,DU_2,80c3bedd-8c41-450c-ae52-1864b9ace7aa,prostormer,P3
2024-04-17,DU_2,80c3bedd-8c41-450c-ae52-1864b9ace7aa,prostormer,P3
2024-04-18,DU_2,80c3bedd-8c41-450c-ae52-1864b9ace7aa,prostormer,P2
2024-04-19,DU_2,80c3bedd-8c41-450c-ae52-1864b9ace7aa,prostormer,P2
2024-04-20,DU_2,80c3bedd-8c41-450c-ae52-1864b9ace7aa,prostormer,P2
2024-04-21,DU_2,80c3bedd-8c41-450c-ae52-1864b9ace7aa,prostormer,P2
2024-04-22,DU_2,80c3bedd-8c41-450c-ae52-1864b9ace7aa,prostormer,P2
2024-04-23,DU_2,80c3bedd-8c41-450c-ae52-1864b9ace7aa,prostormer,P3
2024-04-24,DU_2,80c3bedd-8c41-450c-ae52-1864b9ace7aa,prostormer,P1
2024-04-25,DU_2,80c3bedd-8c41-450c-ae52-1864b9ace7aa,prostormer,P2
2024-04-26,DU_2,80c3bedd-8c41-450c-ae52-1864b9ace7aa,prostormer,P2
2024-04-27,DU_2,80c3bedd-8c41-450c-ae52-1864b9ace7aa,prostormer,P0
2024-04-28,DU_2,80c3bedd-8c41-450c-ae52-1864b9ace7aa,prostormer,P1
2024-04-29,DU_2,80c3bedd-8c41-450c-ae52-1864b9ace7aa,prostormer,P0
2024-04-30,DU_2,80c3bedd-8c41-450c-ae52-1864b9ace7aa,prostormer,P2
2024-05-02,DU_2,80c3bedd-8c41-450c-ae52-1864b9ace7aa,prostormer,P3
2024-05-03,DU_2,80c3bedd-8c41-450c-ae52-1864b9ace7aa,prostormer,P2
2024-05-04,DU_2,80c3bedd-8c41-450c-ae52-1864b9ace7aa,prostormer,P2
2024-05-05,DU_2,80c3bedd-8c41-450c-ae52-1864b9ace7aa,prostormer,P1
2024-05-06,DU_2,80c3bedd-8c41-450c-ae52-1864b9ace7aa,prostormer,P0
2024-05-07,DU_2,80c3bedd-8c41-450c-ae52-1864b9ace7aa,prostormer,P2
2024-05-08,DU_2,80c3bedd-8c41-450c-ae52-1864b9ace7aa,prostormer,P0
2024-05-10,DU_2,80c3bedd-8c41-450c-ae52-1864b9ace7aa,prostormer,P1
2024-05-11,DU_2,80c3bedd-8c41-450c-ae52-1864b9ace7aa,prostormer,P3
2024-05-12,DU_2,80c3bedd-8c41-450c-ae52-1864b9ace7aa,prostormer,P2
2024-05-13,DU_2,80c3bedd-8c41-450c-ae52-1864b9ace7aa,prostormer,P1
2024-05-14,DU_2,80c3bedd-8c41-450c-ae52-1864b9ace7aa,prostormer,P0
2024-05-15,DU_2,80c3bedd-8c41-450c-ae52-1864b9ace7aa,prostormer,P2
2024-05-16,DU_2,80c3bedd-8c41-450c-ae52-1864b9ace7aa,prostormer,P2
2024-05-17,DU_2,80c3bedd-8c41-450c-ae52-1864b9ace7aa,prostormer,P1
2024-05-18,DU_2,80c3bedd-8c41-450c-ae52-1864b9ace7aa,prostormer,P2
2024-05-19,DU_2,80c3bedd-8c41-450c-ae52-1864b9ace7aa,prostormer,P1
2024-05-20,DU_2,80c3bedd-8c41-450c-ae52-1864b9ace7aa,prostormer,P0
2024-05-21,DU_2,80c3bedd-8c41-450c-ae52-1864b9ace7aa,prostormer,P2
2024-05-22,DU_2,80c3bedd-8c41-450c-ae52-1864b9ace7aa,prostormer,P1
2024-05-23,DU_2,80c3bedd-8c41-450c-ae52-1864b9ace7aa,prostormer,P2
2024-05-24,DU_2,80c3bedd-8c41-450c-ae52-1864b9ace7aa,prostormer,P1
2024-05-25,DU_2,80c3bedd-8c41-450c-ae52-1864b9ace7aa,prostormer,P2
2024-05-26,DU_2,80c3bedd-8c41-450c-ae52-1864b9ace7aa,prostormer,P0
2024-05-27,DU_2,80c3bedd-8c41-450c-ae52-1864b9ace7aa,prostormer,P1
2024-05-28,DU_2,80c3bedd-8c41-450c-ae52-1864b9ace7aa,prostormer,P0
2024-05-29,DU_2,80c3bedd-8c41-450c-ae52-1864b9ace7aa,prostormer,P1
2024-05-30,DU_2,80c3bedd-8c41-450c-ae52-1864b9ace7aa,prostormer,P0
2024-05-31,DU_2,80c3bedd-8c41-450c-ae52-1864b9ace7aa,prostormer,P1
2024-06-01,DU_2,80c3bedd-8c41-450c-ae52-1864b9ace7aa,prostormer,P1
2024-06-02,DU_2,80c3bedd-8c41-450c-ae52-1864b9ace7aa,prostormer,P3
2024-06-03,DU_2,80c3bedd-8c41-450c-ae52-1864b9ace7aa,prostormer,P1
2024-06-04,DU_2,80c3bedd-8c41-450c-ae52-1864b9ace7aa,prostormer,P1
2024-06-05,DU_2,80c3bedd-8c41-450c-ae52-1864b9ace7aa,prostormer,P2
2024-06-06,DU_2,80c3bedd-8c41-450c-ae52-1864b9ace7aa,prostormer,P0
2024-06-07,DU_2,80c3bedd-8c41-450c-ae52-1864b9ace7aa,prostormer,P0
2024-06-08,DU_2,80c3bedd-8c41-450c-ae52-1864b9ace7aa,prostormer,P3
2024-06-09,DU_2,80c3bedd-8c41-450c-ae52-1864b9ace7aa,prostormer,P0
2024-06-10,DU_2,80c3bedd-8c41-450c-ae52-1864b9ace7aa,prostormer,P1
2024-06-11,DU_2,80c3bedd-8c41-450c-ae52-1864b9ace7aa,prostormer,P0
2024-06-12,DU_2,80c3bedd-8c41-450c-ae52-1864b9ace7aa,prostormer,P2
2024-06-13,DU_2,80c3bedd-8c41-450c-ae52-1864b9ace7aa,prostormer,P1
2024-06-14,DU_2,80c3bedd-8c41-450c-ae52-1864b9ace7aa,prostormer,P2
2024-06-15,DU_2,80c3bedd-8c41-450c-ae52-1864b9ace7aa,prostormer,P3
2024-06-17,DU_2,80c3bedd-8c41-450c-ae52-1864b9ace7aa,prostormer,P0
2024-06-18,DU_2,80c3bedd-8c41-450c-ae52-1864b9ace7aa,prostormer,P2
2024-06-19,DU_2,80c3bedd-8c41-450c-ae52-1864b9ace7aa,prostormer,P1
2024-06-20,DU_2,80c3bedd-8c41-450c-ae52-1864b9ace7aa,prostormer,P3
2024-06-21,DU_2,80c3bedd-8c41-450c-ae52-1864b9ace7aa,prostormer,P2
2024-06-22,DU_2,80c3bedd-8c41-450c-ae52-1864b9ace7aa,prostormer,P3
2024-06-23,DU_2,80c3bedd-8c41-450c-ae52-1864b9ace7aa,prostormer,P3
2024-06-26,DU_2,80c3bedd-8c41-450c-ae52-1864b9ace7aa,prostormer,P2
2024-06-27,DU_2,80c3bedd-8c41-450c-ae52-1864b9ace7aa,prostormer,P2
2024-06-28,DU_2,80c3bedd-8c41-450c-ae52-1864b9ace7aa,prostormer,P2
2024-06-29,DU_2,80c3bedd-8c41-450c-ae52-1864b9ace7aa,prostormer,P2
2024-06-30,DU_2,80c3bedd-8c41-450c-ae52-1864b9ace7aa,prostormer,P2
2024-07-01,DU_2,80c3bedd-8c41-450c-ae52-1864b9ace7aa,prostormer,P2
2024-07-02,DU_2,80c3bedd-8c41-450c-ae52-1864b9ace7aa,prostormer,P2
2024-07-03,DU_2,80c3bedd-8c41-450c-ae52-1864b9ace7aa,prostormer,P2
2024-01-13,DU_4,d93552c8-e7f6-45bb-b382-bd4a2b969502,prostormer,P1
2024-01-14,DU_4,d93552c8-e7f6-45bb-b382-bd4a2b969502,prostormer,P3
2024-01-15,DU_4,d93552c8-e7f6-45bb-b382-bd4a2b969502,prostormer,P0
2024-01-16,DU_4,d93552c8-e7f6-45bb-b382-bd4a2b969502,prostormer,P2
2024-01-17,DU_4,d93552c8-e7f6-45bb-b382-bd4a2b969502,prostormer,P1
2024-01-18,DU_4,d93552c8-e7f6-45bb-b382-bd4a2b969502,prostormer,P2
2024-01-19,DU_4,d93552c8-e7f6-45bb-b382-bd4a2b969502,prostormer,P3
2024-01-20,DU_4,d93552c8-e7f6-45bb-b382-bd4a2b969502,prostormer,P2
2024-01-21,DU_4,d93552c8-e7f6-45bb-b382-bd4a2b969502,prostormer,P3
2024-01-22,DU_4,d93552c8-e7f6-45bb-b382-bd4a2b969502,prostormer,P1
2024-01-23,DU_4,d93552c8-e7f6-45bb-b382-bd4a2b969502,prostormer,P2
2024-01-24,DU_4,d93552c8-e7f6-45bb-b382-bd4a2b969502,prostormer,P3
2024-01-25,DU_4,d93552c8-e7f6-45bb-b382-bd4a2b969502,prostormer,P2
2024-01-26,DU_4,d93552c8-e7f6-45bb-b382-bd4a2b969502,prostormer,P2
2024-01-27,DU_4,d93552c8-e7f6-45bb-b382-bd4a2b969502,prostormer,P2
2024-01-28,DU_4,d93552c8-e7f6-45bb-b382-bd4a2b969502,prostormer,P3
2024-01-29,DU_4,d93552c8-e7f6-45bb-b382-bd4a2b969502,prostormer,P2
2024-01-30,DU_4,d93552c8-e7f6-45bb-b382-bd4a2b969502,prostormer,P2
2024-01-31,DU_4,d93552c8-e7f6-45bb-b382-bd4a2b969502,prostormer,P2
2024-02-01,DU_4,d93552c8-e7f6-45bb-b382-bd4a2b969502,prostormer,P2
2024-02-06,DU_4,d93552c8-e7f6-45bb-b382-bd4a2b969502,prostormer,P1
2024-02-07,DU_4,d93552c8-e7f6-45bb-b382-bd4a2b969502,prostormer,P1
2024-02-08,DU_4,d93552c8-e7f6-45bb-b382-bd4a2b969502,prostormer,P2
2024-02-09,DU_4,d93552c8-e7f6-45bb-b382-bd4a2b969502,prostormer,P1
2024-02-10,DU_4,d93552c8-e7f6-45bb-b382-bd4a2b969502,prostormer,P0
2024-02-11,DU_4,d93552c8-e7f6-45bb-b382-bd4a2b969502,prostormer,P0
2024-02-12,DU_4,d93552c8-e7f6-45bb-b382-bd4a2b969502,prostormer,P3
2024-02-13,DU_4,d93552c8-e7f6-45bb-b382-bd4a2b969502,prostormer,P3
2024-02-14,DU_4,d93552c8-e7f6-45bb-b382-bd4a2b969502,prostormer,P0
2024-02-23,DU_4,d93552c8-e7f6-45bb-b382-bd4a2b969502,prostormer,P2
2024-02-24,DU_4,d93552c8-e7f6-45bb-b382-bd4a2b969502,prostormer,P3
2024-02-26,DU_4,d93552c8-e7f6-45bb-b382-bd4a2b969502,prostormer,P1
2024-02-28,DU_4,d93552c8-e7f6-45bb-b382-bd4a2b969502,prostormer,P2
2024-02-29,DU_4,d93552c8-e7f6-45bb-b382-bd4a2b969502,prostormer,P2
2024-03-01,DU_4,d93552c8-e7f6-45bb-b382-bd4a2b969502,prostormer,P1
2024-03-02,DU_4,d93552c8-e7f6-45bb-b382-bd4a2b969502,prostormer,P2
2024-03-03,DU_4,d93552c8-e7f6-45bb-b382-bd4a2b969502,prostormer,P3
2024-03-04,DU_4,d93552c8-e7f6-45bb-b382-bd4a2b969502,prostormer,P2
2024-03-05,DU_4,d93552c8-e7f6-45bb-b382-bd4a2b969502,prostormer,P2
2024-03-06,DU_4,d93552c8-e7f6-45bb-b382-bd4a2b969502,prostormer,P2
2024-03-07,DU_4,d93552c8-e7f6-45bb-b382-bd4a2b969502,prostormer,P2
2024-03-10,DU_4,d93552c8-e7f6-45bb-b382-bd4a2b969502,prostormer,P3
2024-03-11,DU_4,d93552c8-e7f6-45bb-b382-bd4a2b969502,prostormer,P2
2024-03-12,DU_4,d93552c8-e7f6-45bb-b382-bd4a2b969502,prostormer,P2
2024-03-13,DU_4,d93552c8-e7f6-45bb-b382-bd4a2b969502,prostormer,P1
2024-03-14,DU_4,d93552c8-e7f6-45bb-b382-bd4a2b969502,prostormer,P1
2024-03-15,DU_4,d93552c8-e7f6-45bb-b382-bd4a2b969502,prostormer,P0
2024-03-16,DU_4,d93552c8-e7f6-45bb-b382-bd4a2b969502,prostormer,P0
2024-03-17,DU_4,d93552c8-e7f6-45bb-b382-bd4a2b969502,prostormer,P0
2024-03-18,DU_4,d93552c8-e7f6-45bb-b382-bd4a2b969502,prostormer,P3
2024-03-19,DU_4,d93552c8-e7f6-45bb-b382-bd4a2b969502,prostormer,P0
2024-03-20,DU_4,d93552c8-e7f6-45bb-b382-bd4a2b969502,prostormer,P1
2024-03-21,DU_4,d93552c8-e7f6-45bb-b382-bd4a2b969502,prostormer,P2
2024-03-22,DU_4,d93552c8-e7f6-45bb-b382-bd4a2b969502,prostormer,P1
2024-03-23,DU_4,d93552c8-e7f6-45bb-b382-bd4a2b969502,prostormer,P2
2024-03-24,DU_4,d93552c8-e7f6-45bb-b382-bd4a2b969502,prostormer,P1
2024-03-25,DU_4,d93552c8-e7f6-45bb-b382-bd4a2b969502,prostormer,P2
2024-03-26,DU_4,d93552c8-e7f6-45bb-b382-bd4a2b969502,prostormer,P0
2024-03-27,DU_4,d93552c8-e7f6-45bb-b382-bd4a2b969502,prostormer,P0
2024-03-28,DU_4,d93552c8-e7f6-45bb-b382-bd4a2b969502,prostormer,P3
2024-03-29,DU_4,d93552c8-e7f6-45bb-b382-bd4a2b969502,prostormer,P1
2024-03-30,DU_4,d93552c8-e7f6-45bb-b382-bd4a2b969502,prostormer,P1
2024-03-31,DU_4,d93552c8-e7f6-45bb-b382-bd4a2b969502,prostormer,P2
2024-04-01,DU_4,d93552c8-e7f6-45bb-b382-bd4a2b969502,prostormer,P3
2024-04-02,DU_4,d93552c8-e7f6-45bb-b382-bd4a2b969502,prostormer,P1
2024-04-03,DU_4,d93552c8-e7f6-45bb-b382-bd4a2b969502,prostormer,P1
2024-04-04,DU_4,d93552c8-e7f6-45bb-b382-bd4a2b969502,prostormer,P1
2024-04-05,DU_4,d93552c8-e7f6-45bb-b382-bd4a2b969502,prostormer,P0
2024-04-06,DU_4,d93552c8-e7f6-45bb-b382-bd4a2b969502,prostormer,P0
2024-04-07,DU_4,d93552c8-e7f6-45bb-b382-bd4a2b969502,prostormer,P2
2024-04-08,DU_4,d93552c8-e7f6-45bb-b382-bd4a2b969502,prostormer,P2
2024-04-09,DU_4,d93552c8-e7f6-45bb-b382-bd4a2b969502,prostormer,P0
2024-04-10,DU_4,d93552c8-e7f6-45bb-b382-bd4a2b969502,prostormer,P2
2024-04-11,DU_4,d93552c8-e7f6-45bb-b382-bd4a2b969502,prostormer,P1
2024-04-13,DU_4,d93552c8-e7f6-45bb-b382-bd4a2b969502,prostormer,P1
2024-04-14,DU_4,d93552c8-e7f6-45bb-b382-bd4a2b969502,prostormer,P0
2024-04-16,DU_4,d93552c8-e7f6-45bb-b382-bd4a2b969502,prostormer,P2
2024-04-17,DU_4,d93552c8-e7f6-45bb-b382-bd4a2b969502,prostormer,P3
2024-04-18,DU_4,d93552c8-e7f6-45bb-b382-bd4a2b969502,prostormer,P3
2024-04-19,DU_4,d93552c8-e7f6-45bb-b382-bd4a2b969502,prostormer,P0
2024-04-20,DU_4,d93552c8-e7f6-45bb-b382-bd4a2b969502,prostormer,P3
2024-04-21,DU_4,d93552c8-e7f6-45bb-b382-bd4a2b969502,prostormer,P2
2024-04-22,DU_4,d93552c8-e7f6-45bb-b382-bd4a2b969502,prostormer,P2
2024-04-23,DU_4,d93552c8-e7f6-45bb-b382-bd4a2b969502,prostormer,P2
2024-04-24,DU_4,d93552c8-e7f6-45bb-b382-bd4a2b969502,prostormer,P0
2024-04-25,DU_4,d93552c8-e7f6-45bb-b382-bd4a2b969502,prostormer,P0
2024-04-26,DU_4,d93552c8-e7f6-45bb-b382-bd4a2b969502,prostormer,P2
2024-04-27,DU_4,d93552c8-e7f6-45bb-b382-bd4a2b969502,prostormer,P1
2024-04-28,DU_4,d93552c8-e7f6-45bb-b382-bd4a2b969502,prostormer,P1
2024-04-29,DU_4,d93552c8-e7f6-45bb-b382-bd4a2b969502,prostormer,P2
2024-04-30,DU_4,d93552c8-e7f6-45bb-b382-bd4a2b969502,prostormer,P1
2024-05-01,DU_4,d93552c8-e7f6-45bb-b382-bd4a2b969502,prostormer,P1
2024-05-03,DU_4,d93552c8-e7f6-45bb-b382-bd4a2b969502,prostormer,P2
2024-05-04,DU_4,d93552c8-e7f6-45bb-b382-bd4a2b969502,prostormer,P3
2024-05-05,DU_4,d93552c8-e7f6-45bb-b382-bd4a2b969502,prostormer,P2
2024-05-06,DU_4,d93552c8-e7f6-45bb-b382-bd4a2b969502,prostormer,P2
2024-05-07,DU_4,d93552c8-e7f6-45bb-b382-bd4a2b969502,prostormer,P2
2024-05-08,DU_4,d93552c8-e7f6-45bb-b382-bd4a2b969502,prostormer,P0
2024-05-09,DU_4,d93552c8-e7f6-45bb-b382-bd4a2b969502,prostormer,P0
2024-05-12,DU_4,d93552c8-e7f6-45bb-b382-bd4a2b969502,prostormer,P2
2024-05-13,DU_4,d93552c8-e7f6-45bb-b382-bd4a2b969502,prostormer,P1
2024-05-14,DU_4,d93552c8-e7f6-45bb-b382-bd4a2b969502,prostormer,P2
2024-05-15,DU_4,d93552c8-e7f6-45bb-b382-bd4a2b969502,prostormer,P2
2024-05-16,DU_4,d93552c8-e7f6-45bb-b382-bd4a2b969502,prostormer,P3
2024-05-17,DU_4,d93552c8-e7f6-45bb-b382-bd4a2b969502,prostormer,P0
2024-05-18,DU_4,d93552c8-e7f6-45bb-b382-bd4a2b969502,prostormer,P2
2024-05-19,DU_4,d93552c8-e7f6-45bb-b382-bd4a2b969502,prostormer,P2
2024-05-20,DU_4,d93552c8-e7f6-45bb-b382-bd4a2b969502,prostormer,P2
2024-05-21,DU_4,d93552c8-e7f6-45bb-b382-bd4a2b969502,prostormer,P1
2024-05-22,DU_4,d93552c8-e7f6-45bb-b382-bd4a2b969502,prostormer,P1
2024-05-23,DU_4,d93552c8-e7f6-45bb-b382-bd4a2b969502,prostormer,P1
2024-05-24,DU_4,d93552c8-e7f6-45bb-b382-bd4a2b969502,prostormer,P2
2024-05-25,DU_4,d93552c8-e7f6-45bb-b382-bd4a2b969502,prostormer,P2
2024-06-02,DU_4,d93552c8-e7f6-45bb-b382-bd4a2b969502,prostormer,P2
2024-06-03,DU_4,d93552c8-e7f6-45bb-b382-bd4a2b969502,prostormer,P1
2024-06-04,DU_4,d93552c8-e7f6-45bb-b382-bd4a2b969502,prostormer,P2
2024-06-05,DU_4,d93552c8-e7f6-45bb-b382-bd4a2b969502,prostormer,P2
2024-06-06,DU_4,d93552c8-e7f6-45bb-b382-bd4a2b969502,prostormer,P2
2024-06-07,DU_4,d93552c8-e7f6-45bb-b382-bd4a2b969502,prostormer,P2
2024-06-08,DU_4,d93552c8-e7f6-45bb-b382-bd4a2b969502,prostormer,P3
2024-06-09,DU_4,d93552c8-e7f6-45bb-b382-bd4a2b969502,prostormer,P2
2024-06-10,DU_4,d93552c8-e7f6-45bb-b382-bd4a2b969502,prostormer,P2
2024-06-11,DU_4,d93552c8-e7f6-45bb-b382-bd4a2b969502,prostormer,P2
2024-06-12,DU_4,d93552c8-e7f6-45bb-b382-bd4a2b969502,prostormer,P2
2024-06-13,DU_4,d93552c8-e7f6-45bb-b382-bd4a2b969502,prostormer,P2
2024-06-14,DU_4,d93552c8-e7f6-45bb-b382-bd4a2b969502,prostormer,P2
2024-06-15,DU_4,d93552c8-e7f6-45bb-b382-bd4a2b969502,prostormer,P3
2024-06-16,DU_4,d93552c8-e7f6-45bb-b382-bd4a2b969502,prostormer,P2
2024-06-17,DU_4,d93552c8-e7f6-45bb-b382-bd4a2b969502,prostormer,P2
2024-06-18,DU_4,d93552c8-e7f6-45bb-b382-bd4a2b969502,prostormer,P2
2024-06-19,DU_4,d93552c8-e7f6-45bb-b382-bd4a2b969502,prostormer,P2
2024-06-20,DU_4,d93552c8-e7f6-45bb-b382-bd4a2b969502,prostormer,P0
2024-06-21,DU_4,d93552c8-e7f6-45bb-b382-bd4a2b969502,prostormer,P3
2024-06-23,DU_4,d93552c8-e7f6-45bb-b382-bd4a2b969502,prostormer,P2
2024-06-25,DU_4,d93552c8-e7f6-45bb-b382-bd4a2b969502,prostormer,P1
2024-06-26,DU_4,d93552c8-e7f6-45bb-b382-bd4a2b969502,prostormer,P2
2024-06-27,DU_4,d93552c8-e7f6-45bb-b382-bd4a2b969502,prostormer,P0
2024-06-28,DU_4,d93552c8-e7f6-45bb-b382-bd4a2b969502,prostormer,P3
2024-06-29,DU_4,d93552c8-e7f6-45bb-b382-bd4a2b969502,prostormer,P1
2024-06-30,DU_4,d93552c8-e7f6-45bb-b382-bd4a2b969502,prostormer,P3
2024-07-01,DU_4,d93552c8-e7f6-45bb-b382-bd4a2b969502,prostormer,P0
2024-07-02,DU_4,d93552c8-e7f6-45bb-b382-bd4a2b969502,prostormer,P2
2024-07-03,DU_4,d93552c8-e7f6-45bb-b382-bd4a2b969502,prostormer,P2
2024-07-04,DU_4,d93552c8-e7f6-45bb-b382-bd4a2b969502,prostormer,P0
2024-07-07,DU_4,d93552c8-e7f6-45bb-b382-bd4a2b969502,prostormer,P1
2024-07-08,DU_4,d93552c8-e7f6-45bb-b382-bd4a2b969502,prostormer,P2
2024-07-09,DU_4,d93552c8-e7f6-45bb-b382-bd4a2b969502,prostormer,P0
2024-07-10,DU_4,d93552c8-e7f6-45bb-b382-bd4a2b969502,prostormer,P0
2024-07-11,DU_4,d93552c8-e7f6-45bb-b382-bd4a2b969502,prostormer,P0
2024-07-12,DU_4,d93552c8-e7f6-45bb-b382-bd4a2b969502,prostormer,P2
2024-07-13,DU_4,d93552c8-e7f6-45bb-b382-bd4a2b969502,prostormer,P0
2024-07-14,DU_4,d93552c8-e7f6-45bb-b382-bd4a2b969502,prostormer,P0
2024-07-15,DU_4,d93552c8-e7f6-45bb-b382-bd4a2b969502,prostormer,P3
2024-07-16,DU_4,d93552c8-e7f6-45bb-b382-bd4a2b969502,prostormer,P1
2024-07-17,DU_4,d93552c8-e7f6-45bb-b382-bd4a2b969502,prostormer,P0
2024-07-18,DU_4,d93552c8-e7f6-45bb-b382-bd4a2b969502,prostormer,P3
2024-07-19,DU_4,d93552c8-e7f6-45bb-b382-bd4a2b969502,prostormer,P0
2024-07-20,DU_4,d93552c8-e7f6-45bb-b382-bd4a2b969502,prostormer,P1
2024-07-21,DU_4,d93552c8-e7f6-45bb-b382-bd4a2b969502,prostormer,P0
2024-09-04,DU_4,d93552c8-e7f6-45bb-b382-bd4a2b969502,prostormer,P0
2024-09-05,DU_4,d93552c8-e7f6-45bb-b382-bd4a2b969502,prostormer,P1
2024-09-06,DU_4,d93552c8-e7f6-45bb-b382-bd4a2b969502,prostormer,P0
2024-09-07,DU_4,d93552c8-e7f6-45bb-b382-bd4a2b969502,prostormer,P0
2024-09-08,DU_4,d93552c8-e7f6-45bb-b382-bd4a2b969502,prostormer,P1
2024-09-09,DU_4,d93552c8-e7f6-45bb-b382-bd4a2b969502,prostormer,P0
2024-09-10,DU_4,d93552c8-e7f6-45bb-b382-bd4a2b969502,prostormer,P3
2024-09-11,DU_4,d93552c8-e7f6-45bb-b382-bd4a2b969502,prostormer,P1
2024-09-12,DU_4,d93552c8-e7f6-45bb-b382-bd4a2b969502,prostormer,P3
2024-09-13,DU_4,d93552c8-e7f6-45bb-b382-bd4a2b969502,prostormer,P3
2024-09-14,DU_4,d93552c8-e7f6-45bb-b382-bd4a2b969502,prostormer,P2
2024-09-15,DU_4,d93552c8-e7f6-45bb-b382-bd4a2b969502,prostormer,P1
2024-09-16,DU_4,d93552c8-e7f6-45bb-b382-bd4a2b969502,prostormer,P3
2024-09-17,DU_4,d93552c8-e7f6-45bb-b382-bd4a2b969502,prostormer,P3
2024-09-18,DU_4,d93552c8-e7f6-45bb-b382-bd4a2b969502,prostormer,P1
2024-09-20,DU_4,d93552c8-e7f6-45bb-b382-bd4a2b969502,prostormer,P2
2024-09-21,DU_4,d93552c8-e7f6-45bb-b382-bd4a2b969502,prostormer,P2
2024-09-22,DU_4,d93552c8-e7f6-45bb-b382-bd4a2b969502,prostormer,P1
2024-09-23,DU_4,d93552c8-e7f6-45bb-b382-bd4a2b969502,prostormer,P3
2024-09-24,DU_4,d93552c8-e7f6-45bb-b382-bd4a2b969502,prostormer,P3
2024-09-25,DU_4,d93552c8-e7f6-45bb-b382-bd4a2b969502,prostormer,P2
2024-09-26,DU_4,d93552c8-e7f6-45bb-b382-bd4a2b969502,prostormer,P1
2024-09-28,DU_4,d93552c8-e7f6-45bb-b382-bd4a2b969502,prostormer,P0
2024-09-29,DU_4,d93552c8-e7f6-45bb-b382-bd4a2b969502,prostormer,P1
2024-09-30,DU_4,d93552c8-e7f6-45bb-b382-bd4a2b969502,prostormer,P3
2024-10-01,DU_4,d93552c8-e7f6-45bb-b382-bd4a2b969502,prostormer,P2
2024-10-02,DU_4,d93552c8-e7f6-45bb-b382-bd4a2b969502,prostormer,P2
2024-10-03,DU_4,d93552c8-e7f6-45bb-b382-bd4a2b969502,prostormer,P2
2024-01-30,DU_7,8490da00-eb75-45df-888e-851ea3103ec4,producer,P2
2024-01-31,DU_7,8490da00-eb75-45df-888e-851ea3103ec4,producer,P3
2024-02-01,DU_7,8490da00-eb75-45df-888e-851ea3103ec4,producer,P1
2024-02-02,DU_7,8490da00-eb75-45df-888e-851ea3103ec4,producer,P3
2024-02-03,DU_7,8490da00-eb75-45df-888e-851ea3103ec4,producer,P0
2024-02-04,DU_7,8490da00-eb75-45df-888e-851ea3103ec4,producer,P2
2024-02-05,DU_7,8490da00-eb75-45df-888e-851ea3103ec4,producer,P2
2024-02-06,DU_7,8490da00-eb75-45df-888e-851ea3103ec4,producer,P2
2024-02-07,DU_7,8490da00-eb75-45df-888e-851ea3103ec4,producer,P2
2024-02-08,DU_7,8490da00-eb75-45df-888e-851ea3103ec4,producer,P3
2024-02-09,DU_7,8490da00-eb75-45df-888e-851ea3103ec4,producer,P2
2024-02-10,DU_7,8490da00-eb75-45df-888e-851ea3103ec4,producer,P3
2024-02-11,DU_7,8490da00-eb75-45df-888e-851ea3103ec4,producer,P1
2024-02-12,DU_7,8490da00-eb75-45df-888e-851ea3103ec4,producer,P0
2024-02-13,DU_7,8490da00-eb75-45df-888e-851ea3103ec4,producer,P3
2024-02-14,DU_7,8490da00-eb75-45df-888e-851ea3103ec4,producer,P3
2024-02-15,DU_7,8490da00-eb75-45df-888e-851ea3103ec4,producer,P3
2024-02-16,DU_7,8490da00-eb75-45df-888e-851ea3103ec4,producer,P2
2024-02-17,DU_7,8490da00-eb75-45df-888e-851ea3103ec4,producer,P0
2024-02-18,DU_7,8490da00-eb75-45df-888e-851ea3103ec4,producer,P0
2024-02-19,DU_7,8490da00-eb75-45df-888e-851ea3103ec4,producer,P3
2024-02-20,DU_7,8490da00-eb75-45df-888e-851ea3103ec4,producer,P1
2024-02-21,DU_7,8490da00-eb75-45df-888e-851ea3103ec4,producer,P3
2024-02-22,DU_7,8490da00-eb75-45df-888e-851ea3103ec4,producer,P2
2024-02-23,DU_7,8490da00-eb75-45df-888e-851ea3103ec4,producer,P2
2024-02-24,DU_7,8490da00-eb75-45df-888e-851ea3103ec4,producer,P0
2024-02-25,DU_7,8490da00-eb75-45df-888e-851ea3103ec4,producer,P3
2024-02-26,DU_7,8490da00-eb75-45df-888e-851ea3103ec4,producer,P2
2024-02-27,DU_7,8490da00-eb75-45df-888e-851ea3103ec4,producer,P3
2024-02-28,DU_7,8490da00-eb75-45df-888e-851ea3103ec4,producer,P3
2024-02-29,DU_7,8490da00-eb75-45df-888e-851ea3103ec4,producer,P1
2024-03-01,DU_7,8490da00-eb75-45df-888e-851ea3103ec4,producer,P0
2024-03-02,DU_7,8490da00-eb75-45df-888e-851ea3103ec4,producer,P3
2024-03-03,DU_7,8490da00-eb75-45df-888e-851ea3103ec4,producer,P1
2024-03-04,DU_7,8490da00-eb75-45df-888e-851ea3103ec4,producer,P0
2024-03-05,DU_7,8490da00-eb75-45df-888e-851ea3103ec4,producer,P3
2024-03-06,DU_7,8490da00-eb75-45df-888e-851ea3103ec4,producer,P3
2024-03-07,DU_7,8490da00-eb75-45df-888e-851ea3103ec4,producer,P1
2024-03-08,DU_7,8490da00-eb75-45df-888e-851ea3103ec4,producer,P3
2024-03-09,DU_7,8490da00-eb75-45df-888e-851ea3103ec4,producer,P2
2024-03-10,DU_7,8490da00-eb75-45df-888e-851ea3103ec4,producer,P3
2024-03-11,DU_7,8490da00-eb75-45df-888e-851ea3103ec4,producer,P3
2024-03-12,DU_7,8490da00-eb75-45df-888e-851ea3103ec4,producer,P3
2024-03-13,DU_7,8490da00-eb75-45df-888e-851ea3103ec4,producer,P1
2024-03-14,DU_7,8490da00-eb75-45df-888e-851ea3103ec4,producer,P3
2024-03-15,DU_7,8490da00-eb75-45df-888e-851ea3103ec4,producer,P1
2024-03-16,DU_7,8490da00-eb75-45df-888e-851ea3103ec4,producer,P0
2024-03-17,DU_7,8490da00-eb75-45df-888e-851ea3103ec4,producer,P2
2024-03-18,DU_7,8490da00-eb75-45df-888e-851ea3103ec4,producer,P0
2024-03-19,DU_7,8490da00-eb75-45df-888e-851ea3103ec4,producer,P3
2024-03-20,DU_7,8490da00-eb75-45df-888e-851ea3103ec4,producer,P2
2024-03-21,DU_7,8490da00-eb75-45df-888e-851ea3103ec4,producer,P2
2024-03-22,DU_7,8490da00-eb75-45df-888e-851ea3103ec4,producer,P0
2024-03-23,DU_7,8490da00-eb75-45df-888e-851ea3103ec4,producer,P1
2024-03-24,DU_7,8490da00-eb75-45df-888e-851ea3103ec4,producer,P2
2024-03-25,DU_7,8490da00-eb75-45df-888e-851ea3103ec4,producer,P3
2024-03-26,DU_7,8490da00-eb75-45df-888e-851ea3103ec4,producer,P3
2024-03-27,DU_7,8490da00-eb75-45df-888e-851ea3103ec4,producer,P3
2024-03-28,DU_7,8490da00-eb75-45df-888e-851ea3103ec4,producer,P3
2024-03-29,DU_7,8490da00-eb75-45df-888e-851ea3103ec4,producer,P0
2024-03-30,DU_7,8490da00-eb75-45df-888e-851ea3103ec4,producer,P0
2024-03-31,DU_7,8490da00-eb75-45df-888e-851ea3103ec4,producer,P2
2024-04-01,DU_7,8490da00-eb75-45df-888e-851ea3103ec4,producer,P2
2024-04-02,DU_7,8490da00-eb75-45df-888e-851ea3103ec4,producer,P3
2024-04-03,DU_7,8490da00-eb75-45df-888e-851ea3103ec4,producer,P3
2024-04-04,DU_7,8490da00-eb75-45df-888e-851ea3103ec4,producer,P2
2024-04-05,DU_7,8490da00-eb75-45df-888e-851ea3103ec4,producer,P3
2024-04-06,DU_7,8490da00-eb75-45df-888e-851ea3103ec4,producer,P3
2024-04-07,DU_7,8490da00-eb75-45df-888e-851ea3103ec4,producer,P1
2024-04-08,DU_7,8490da00-eb75-45df-888e-851ea3103ec4,producer,P3
2024-04-09,DU_7,8490da00-eb75-45df-888e-851ea3103ec4,producer,P2
2024-04-10,DU_7,8490da00-eb75-45df-888e-851ea3103ec4,producer,P2
2024-04-11,DU_7,8490da00-eb75-45df-888e-851ea3103ec4,producer,P3
2024-04-12,DU_7,8490da00-eb75-45df-888e-851ea3103ec4,producer,P2
2024-04-13,DU_7,8490da00-eb75-45df-888e-851ea3103ec4,producer,P0
2024-04-14,DU_7,8490da00-eb75-45df-888e-851ea3103ec4,producer,P2
2024-04-15,DU_7,8490da00-eb75-45df-888e-851ea3103ec4,producer,P2
2024-04-16,DU_7,8490da00-eb75-45df-888e-851ea3103ec4,producer,P2
2024-04-17,DU_7,8490da00-eb75-45df-888e-851ea3103ec4,producer,P2
2024-04-18,DU_7,8490da00-eb75-45df-888e-851ea3103ec4,producer,P3
2024-04-19,DU_7,8490da00-eb75-45df-888e-851ea3103ec4,producer,P3
2024-04-20,DU_7,8490da00-eb75-45df-888e-851ea3103ec4,producer,P3
2024-04-21,DU_7,8490da00-eb75-45df-888e-851ea3103ec4,producer,P2
2024-04-22,DU_7,8490da00-eb75-45df-888e-851ea3103ec4,producer,P2
2024-04-23,DU_7,8490da00-eb75-45df-888e-851ea3103ec4,producer,P2
2024-04-24,DU_7,8490da00-eb75-45df-888e-851ea3103ec4,producer,P3
2024-04-25,DU_7,8490da00-eb75-45df-888e-851ea3103ec4,producer,P2
2024-04-26,DU_7,8490da00-eb75-45df-888e-851ea3103ec4,producer,P2
2024-04-27,DU_7,8490da00-eb75-45df-888e-851ea3103ec4,producer,P2
2024-04-28,DU_7,8490da00-eb75-45df-888e-851ea3103ec4,producer,P2
2024-04-29,DU_7,8490da00-eb75-45df-888e-851ea3103ec4,producer,P2
2024-04-30,DU_7,8490da00-eb75-45df-888e-851ea3103ec4,producer,P2
2024-05-01,DU_7,8490da00-eb75-45df-888e-851ea3103ec4,producer,P2
2024-05-02,DU_7,8490da00-eb75-45df-888e-851ea3103ec4,producer,P1
2024-05-03,DU_7,8490da00-eb75-45df-888e-851ea3103ec4,producer,P2
2024-05-04,DU_7,8490da00-eb75-45df-888e-851ea3103ec4,producer,P0
2024-05-05,DU_7,8490da00-eb75-45df-888e-851ea3103ec4,producer,P3
2024-05-06,DU_7,8490da00-eb75-45df-888e-851ea3103ec4,producer,P2
2024-05-07,DU_7,8490da00-eb75-45df-888e-851ea3103ec4,producer,P2
2024-05-08,DU_7,8490da00-eb75-45df-888e-851ea3103ec4,producer,P3
2024-05-09,DU_7,8490da00-eb75-45df-888e-851ea3103ec4,producer,P2
2024-05-10,DU_7,8490da00-eb75-45df-888e-851ea3103ec4,producer,P1
2024-05-11,DU_7,8490da00-eb75-45df-888e-851ea3103ec4,producer,P2
2024-05-12,DU_7,8490da00-eb75-45df-888e-851ea3103ec4,producer,P2
2024-05-13,DU_7,8490da00-eb75-45df-888e-851ea3103ec4,producer,P2
2024-05-14,DU_7,8490da00-eb75-45df-888e-851ea3103ec4,producer,P3
2024-05-15,DU_7,8490da00-eb75-45df-888e-851ea3103ec4,producer,P3
2024-05-16,DU_7,8490da00-eb75-45df-888e-851ea3103ec4,producer,P2
2024-05-17,DU_7,8490da00-eb75-45df-888e-851ea3103ec4,producer,P2
2024-05-18,DU_7,8490da00-eb75-45df-888e-851ea3103ec4,producer,P0
2024-05-19,DU_7,8490da00-eb75-45df-888e-851ea3103ec4,producer,P2
2024-05-20,DU_7,8490da00-eb75-45df-888e-851ea3103ec4,producer,P2
2024-05-21,DU_7,8490da00-eb75-45df-888e-851ea3103ec4,producer,P2
2024-05-22,DU_7,8490da00-eb75-45df-888e-851ea3103ec4,producer,P0
2024-05-23,DU_7,8490da00-eb75-45df-888e-851ea3103ec4,producer,P2
2024-05-24,DU_7,8490da00-eb75-45df-888e-851ea3103ec4,producer,P3
2024-05-25,DU_7,8490da00-eb75-45df-888e-851ea3103ec4,producer,P2
2024-05-26,DU_7,8490da00-eb75-45df-888e-851ea3103ec4,producer,P2
2024-05-27,DU_7,8490da00-eb75-45df-888e-851ea3103ec4,producer,P2
2024-05-28,DU_7,8490da00-eb75-45df-888e-851ea3103ec4,producer,P2
2024-05-29,DU_7,8490da00-eb75-45df-888e-851ea3103ec4,producer,P1
2024-05-30,DU_7,8490da00-eb75-45df-888e-851ea3103ec4,producer,P3
2024-05-31,DU_7,8490da00-eb75-45df-888e-851ea3103ec4,producer,P2
2024-06-01,DU_7,8490da00-eb75-45df-888e-851ea3103ec4,producer,P3
2024-06-02,DU_7,8490da00-eb75-45df-888e-851ea3103ec4,producer,P3
2024-06-03,DU_7,8490da00-eb75-45df-888e-851ea3103ec4,producer,P3
2024-06-04,DU_7,8490da00-eb75-45df-888e-851ea3103ec4,producer,P2
2024-06-05,DU_7,8490da00-eb75-45df-888e-851ea3103ec4,producer,P3
2024-06-06,DU_7,8490da00-eb75-45df-888e-851ea3103ec4,producer,P3
2024-06-07,DU_7,8490da00-eb75-45df-888e-851ea3103ec4,producer,P0
2024-06-09,DU_7,8490da00-eb75-45df-888e-851ea3103ec4,producer,P2
2024-06-10,DU_7,8490da00-eb75-45df-888e-851ea3103ec4,producer,P3
2024-06-11,DU_7,8490da00-eb75-45df-888e-851ea3103ec4,producer,P3
2024-06-12,DU_7,8490da00-eb75-45df-888e-851ea3103ec4,producer,P3
2024-06-13,DU_7,8490da00-eb75-45df-888e-851ea3103ec4,producer,P3
2024-06-14,DU_7,8490da00-eb75-45df-888e-851ea3103ec4,producer,P2
2024-06-15,DU_7,8490da00-eb75-45df-888e-851ea3103ec4,producer,P3
2024-06-16,DU_7,8490da00-eb75-45df-888e-851ea3103ec4,producer,P0
2024-06-17,DU_7,8490da00-eb75-45df-888e-851ea3103ec4,producer,P3
2024-06-18,DU_7,8490da00-eb75-45df-888e-851ea3103ec4,producer,P3
2024-06-19,DU_7,8490da00-eb75-45df-888e-851ea3103ec4,producer,P2
2024-06-20,DU_7,8490da00-eb75-45df-888e-851ea3103ec4,producer,P0
2024-06-21,DU_7,8490da00-eb75-45df-888e-851ea3103ec4,producer,P2
2024-06-22,DU_7,8490da00-eb75-45df-888e-851ea3103ec4,producer,P3
2024-06-23,DU_7,8490da00-eb75-45df-888e-851ea3103ec4,producer,P3
2024-06-25,DU_7,8490da00-eb75-45df-888e-851ea3103ec4,producer,P2
2024-06-26,DU_7,8490da00-eb75-45df-888e-851ea3103ec4,producer,P2
2024-06-27,DU_7,8490da00-eb75-45df-888e-851ea3103ec4,producer,P2
2024-06-28,DU_7,8490da00-eb75-45df-888e-851ea3103ec4,producer,P0
2024-06-29,DU_7,8490da00-eb75-45df-888e-851ea3103ec4,producer,P3
2024-06-30,DU_7,8490da00-eb75-45df-888e-851ea3103ec4,producer,P2
2024-07-01,DU_7,8490da00-eb75-45df-888e-851ea3103ec4,producer,P2
2024-07-02,DU_7,8490da00-eb75-45df-888e-851ea3103ec4,producer,P3
2024-07-03,DU_7,8490da00-eb75-45df-888e-851ea3103ec4,producer,P2
2024-07-04,DU_7,8490da00-eb75-45df-888e-851ea3103ec4,producer,P3
2024-07-07,DU_7,8490da00-eb75-45df-888e-851ea3103ec4,producer,P2
2024-07-08,DU_7,8490da00-eb75-45df-888e-851ea3103ec4,producer,P3
2024-07-09,DU_7,8490da00-eb75-45df-888e-851ea3103ec4,producer,P2
2024-07-10,DU_7,8490da00-eb75-45df-888e-851ea3103ec4,producer,P0
2024-07-12,DU_7,8490da00-eb75-45df-888e-851ea3103ec4,producer,P0
2024-07-14,DU_7,8490da00-eb75-45df-888e-851ea3103ec4,producer,P0
2024-09-04,DU_7,8490da00-eb75-45df-888e-851ea3103ec4,producer,P2
2024-09-05,DU_7,8490da00-eb75-45df-888e-851ea3103ec4,producer,P2
2024-09-06,DU_7,8490da00-eb75-45df-888e-851ea3103ec4,producer,P0
2024-09-07,DU_7,8490da00-eb75-45df-888e-851ea3103ec4,producer,P1
2024-09-08,DU_7,8490da00-eb75-45df-888e-851ea3103ec4,producer,P0
2024-09-09,DU_7,8490da00-eb75-45df-888e-851ea3103ec4,producer,P3
2024-09-10,DU_7,8490da00-eb75-45df-888e-851ea3103ec4,producer,P2
2024-09-11,DU_7,8490da00-eb75-45df-888e-851ea3103ec4,producer,P2
2024-09-12,DU_7,8490da00-eb75-45df-888e-851ea3103ec4,producer,P3
2024-09-13,DU_7,8490da00-eb75-45df-888e-851ea3103ec4,producer,P2
2024-09-14,DU_7,8490da00-eb75-45df-888e-851ea3103ec4,producer,P3
2024-09-15,DU_7,8490da00-eb75-45df-888e-851ea3103ec4,producer,P3
2024-09-16,DU_7,8490da00-eb75-45df-888e-851ea3103ec4,producer,P2
2024-09-17,DU_7,8490da00-eb75-45df-888e-851ea3103ec4,producer,P3
2024-09-18,DU_7,8490da00-eb75-45df-888e-851ea3103ec4,producer,P3
2024-09-19,DU_7,8490da00-eb75-45df-888e-851ea3103ec4,producer,P2
2024-09-20,DU_7,8490da00-eb75-45df-888e-851ea3103ec4,producer,P3
2024-09-21,DU_7,8490da00-eb75-45df-888e-851ea3103ec4,producer,P3
2024-09-22,DU_7,8490da00-eb75-45df-888e-851ea3103ec4,producer,P2
2024-09-23,DU_7,8490da00-eb75-45df-888e-851ea3103ec4,producer,P2
2024-09-24,DU_7,8490da00-eb75-45df-888e-851ea3103ec4,producer,P2
2024-09-25,DU_7,8490da00-eb75-45df-888e-851ea3103ec4,producer,P3
2024-09-26,DU_7,8490da00-eb75-45df-888e-851ea3103ec4,producer,P3
2024-09-27,DU_7,8490da00-eb75-45df-888e-851ea3103ec4,producer,P3
2024-09-28,DU_7,8490da00-eb75-45df-888e-851ea3103ec4,producer,P3
2024-09-29,DU_7,8490da00-eb75-45df-888e-851ea3103ec4,producer,P3
2024-09-30,DU_7,8490da00-eb75-45df-888e-851ea3103ec4,producer,P2
2024-10-01,DU_7,8490da00-eb75-45df-888e-851ea3103ec4,producer,P2
2024-10-02,DU_7,8490da00-eb75-45df-888e-851ea3103ec4,producer,P2
2024-10-03,DU_7,8490da00-eb75-45df-888e-851ea3103ec4,producer,P3
2024-10-04,DU_7,8490da00-eb75-45df-888e-851ea3103ec4,producer,P2
2024-10-05,DU_7,8490da00-eb75-45df-888e-851ea3103ec4,producer,P1
2024-10-06,DU_7,8490da00-eb75-45df-888e-851ea3103ec4,producer,P3
2024-10-07,DU_7,8490da00-eb75-45df-888e-851ea3103ec4,producer,P2
2024-10-08,DU_7,8490da00-eb75-45df-888e-851ea3103ec4,producer,P2
2024-10-09,DU_7,8490da00-eb75-45df-888e-851ea3103ec4,producer,P3
2024-10-10,DU_7,8490da00-eb75-45df-888e-851ea3103ec4,producer,P3
2024-10-11,DU_7,8490da00-eb75-45df-888e-851ea3103ec4,producer,P2
2024-10-12,DU_7,8490da00-eb75-45df-888e-851ea3103ec4,producer,P3
2024-10-13,DU_7,8490da00-eb75-45df-888e-851ea3103ec4,producer,P3
2024-10-14,DU_7,8490da00-eb75-45df-888e-851ea3103ec4,producer,P2
2024-02-27,DU_9,3d956901-f5ea-4094-9c85-333cc68183d4,producer,P0
2024-03-02,DU_9,3d956901-f5ea-4094-9c85-333cc68183d4,producer,P0
2024-03-03,DU_9,3d956901-f5ea-4094-9c85-333cc68183d4,producer,P0
2024-03-06,DU_9,3d956901-f5ea-4094-9c85-333cc68183d4,producer,P1
2024-03-07,DU_9,3d956901-f5ea-4094-9c85-333cc68183d4,producer,P3
2024-03-09,DU_9,3d956901-f5ea-4094-9c85-333cc68183d4,producer,P3
2024-03-14,DU_9,3d956901-f5ea-4094-9c85-333cc68183d4,producer,P1
2024-03-15,DU_9,3d956901-f5ea-4094-9c85-333cc68183d4,producer,P0
2024-03-17,DU_9,3d956901-f5ea-4094-9c85-333cc68183d4,producer,P1
2024-03-18,DU_9,3d956901-f5ea-4094-9c85-333cc68183d4,producer,P1
2024-03-19,DU_9,3d956901-f5ea-4094-9c85-333cc68183d4,producer,P1
2024-03-20,DU_9,3d956901-f5ea-4094-9c85-333cc68183d4,producer,P1
2024-03-21,DU_9,3d956901-f5ea-4094-9c85-333cc68183d4,producer,P2
2024-03-22,DU_9,3d956901-f5ea-4094-9c85-333cc68183d4,producer,P1
2024-03-23,DU_9,3d956901-f5ea-4094-9c85-333cc68183d4,producer,P2
2024-03-24,DU_9,3d956901-f5ea-4094-9c85-333cc68183d4,producer,P3
2024-03-25,DU_9,3d956901-f5ea-4094-9c85-333cc68183d4,producer,P1
2024-03-26,DU_9,3d956901-f5ea-4094-9c85-333cc68183d4,producer,P3
2024-03-27,DU_9,3d956901-f5ea-4094-9c85-333cc68183d4,producer,P0
2024-03-29,DU_9,3d956901-f5ea-4094-9c85-333cc68183d4,producer,P1
2024-03-31,DU_9,3d956901-f5ea-4094-9c85-333cc68183d4,producer,P0
2024-04-01,DU_9,3d956901-f5ea-4094-9c85-333cc68183d4,producer,P0
2024-04-02,DU_9,3d956901-f5ea-4094-9c85-333cc68183d4,producer,P1
2024-04-03,DU_9,3d956901-f5ea-4094-9c85-333cc68183d4,producer,P2
2024-04-04,DU_9,3d956901-f5ea-4094-9c85-333cc68183d4,producer,P2
2024-04-05,DU_9,3d956901-f5ea-4094-9c85-333cc68183d4,producer,P1
2024-04-07,DU_9,3d956901-f5ea-4094-9c85-333cc68183d4,producer,P0
2024-04-08,DU_9,3d956901-f5ea-4094-9c85-333cc68183d4,producer,P2
2024-04-09,DU_9,3d956901-f5ea-4094-9c85-333cc68183d4,producer,P0
2024-04-10,DU_9,3d956901-f5ea-4094-9c85-333cc68183d4,producer,P1
2024-04-11,DU_9,3d956901-f5ea-4094-9c85-333cc68183d4,producer,P2
2024-04-14,DU_9,3d956901-f5ea-4094-9c85-333cc68183d4,producer,P0
2024-04-15,DU_9,3d956901-f5ea-4094-9c85-333cc68183d4,producer,P1
2024-04-16,DU_9,3d956901-f5ea-4094-9c85-333cc68183d4,producer,P1
2024-04-17,DU_9,3d956901-f5ea-4094-9c85-333cc68183d4,producer,P2
2024-04-18,DU_9,3d956901-f5ea-4094-9c85-333cc68183d4,producer,P2
2024-04-19,DU_9,3d956901-f5ea-4094-9c85-333cc68183d4,producer,P1
2024-04-20,DU_9,3d956901-f5ea-4094-9c85-333cc68183d4,producer,P1
2024-04-21,DU_9,3d956901-f5ea-4094-9c85-333cc68183d4,producer,P3
2024-04-22,DU_9,3d956901-f5ea-4094-9c85-333cc68183d4,producer,P1
2024-04-23,DU_9,3d956901-f5ea-4094-9c85-333cc68183d4,producer,P0
2024-04-24,DU_9,3d956901-f5ea-4094-9c85-333cc68183d4,producer,P1
2024-04-25,DU_9,3d956901-f5ea-4094-9c85-333cc68183d4,producer,P2
2024-04-26,DU_9,3d956901-f5ea-4094-9c85-333cc68183d4,producer,P0
2024-04-27,DU_9,3d956901-f5ea-4094-9c85-333cc68183d4,producer,P1
2024-04-28,DU_9,3d956901-f5ea-4094-9c85-333cc68183d4,producer,P2
2024-04-29,DU_9,3d956901-f5ea-4094-9c85-333cc68183d4,producer,P1
2024-04-30,DU_9,3d956901-f5ea-4094-9c85-333cc68183d4,producer,P2
2024-05-01,DU_9,3d956901-f5ea-4094-9c85-333cc68183d4,producer,P2
2024-05-02,DU_9,3d956901-f5ea-4094-9c85-333cc68183d4,producer,P2
2024-05-04,DU_9,3d956901-f5ea-4094-9c85-333cc68183d4,producer,P3
2024-05-05,DU_9,3d956901-f5ea-4094-9c85-333cc68183d4,producer,P2
2024-05-07,DU_9,3d956901-f5ea-4094-9c85-333cc68183d4,producer,P1
2024-05-08,DU_9,3d956901-f5ea-4094-9c85-333cc68183d4,producer,P1
2024-05-09,DU_9,3d956901-f5ea-4094-9c85-333cc68183d4,producer,P1
2024-05-11,DU_9,3d956901-f5ea-4094-9c85-333cc68183d4,producer,P1
2024-05-12,DU_9,3d956901-f5ea-4094-9c85-333cc68183d4,producer,P1
2024-05-14,DU_9,3d956901-f5ea-4094-9c85-333cc68183d4,producer,P1
2024-05-15,DU_9,3d956901-f5ea-4094-9c85-333cc68183d4,producer,P1
2024-05-17,DU_9,3d956901-f5ea-4094-9c85-333cc68183d4,producer,P0
2024-05-18,DU_9,3d956901-f5ea-4094-9c85-333cc68183d4,producer,P2
2024-05-20,DU_9,3d956901-f5ea-4094-9c85-333cc68183d4,producer,P1
2024-05-21,DU_9,3d956901-f5ea-4094-9c85-333cc68183d4,producer,P1
2024-05-23,DU_9,3d956901-f5ea-4094-9c85-333cc68183d4,producer,P2
2024-05-24,DU_9,3d956901-f5ea-4094-9c85-333cc68183d4,producer,P0
2024-05-26,DU_9,3d956901-f5ea-4094-9c85-333cc68183d4,producer,P2
2024-05-28,DU_9,3d956901-f5ea-4094-9c85-333cc68183d4,producer,P2
2024-05-29,DU_9,3d956901-f5ea-4094-9c85-333cc68183d4,producer,P3
2024-05-30,DU_9,3d956901-f5ea-4094-9c85-333cc68183d4,producer,P2
2024-05-31,DU_9,3d956901-f5ea-4094-9c85-333cc68183d4,producer,P1
2024-06-01,DU_9,3d956901-f5ea-4094-9c85-333cc68183d4,producer,P0
2024-06-03,DU_9,3d956901-f5ea-4094-9c85-333cc68183d4,producer,P2
2024-06-04,DU_9,3d956901-f5ea-4094-9c85-333cc68183d4,producer,P2
2024-06-05,DU_9,3d956901-f5ea-4094-9c85-333cc68183d4,producer,P2
2024-06-06,DU_9,3d956901-f5ea-4094-9c85-333cc68183d4,producer,P2
2024-06-07,DU_9,3d956901-f5ea-4094-9c85-333cc68183d4,producer,P2
2024-06-09,DU_9,3d956901-f5ea-4094-9c85-333cc68183d4,producer,P2
2024-06-10,DU_9,3d956901-f5ea-4094-9c85-333cc68183d4,producer,P2
2024-06-11,DU_9,3d956901-f5ea-4094-9c85-333cc68183d4,producer,P0
2024-06-12,DU_9,3d956901-f5ea-4094-9c85-333cc68183d4,producer,P2
2024-06-13,DU_9,3d956901-f5ea-4094-9c85-333cc68183d4,producer,P2
2024-06-14,DU_9,3d956901-f5ea-4094-9c85-333cc68183d4,producer,P3
2024-06-15,DU_9,3d956901-f5ea-4094-9c85-333cc68183d4,producer,P0
2024-06-16,DU_9,3d956901-f5ea-4094-9c85-333cc68183d4,producer,P0
2024-06-17,DU_9,3d956901-f5ea-4094-9c85-333cc68183d4,producer,P2
2024-06-18,DU_9,3d956901-f5ea-4094-9c85-333cc68183d4,producer,P2
2024-06-19,DU_9,3d956901-f5ea-4094-9c85-333cc68183d4,producer,P2
2024-06-20,DU_9,3d956901-f5ea-4094-9c85-333cc68183d4,producer,P1
2024-06-21,DU_9,3d956901-f5ea-4094-9c85-333cc68183d4,producer,P1
2024-06-22,DU_9,3d956901-f5ea-4094-9c85-333cc68183d4,producer,P3
2024-06-23,DU_9,3d956901-f5ea-4094-9c85-333cc68183d4,producer,P3
2024-06-25,DU_9,3d956901-f5ea-4094-9c85-333cc68183d4,producer,P1
2024-06-26,DU_9,3d956901-f5ea-4094-9c85-333cc68183d4,producer,P2
2024-06-27,DU_9,3d956901-f5ea-4094-9c85-333cc68183d4,producer,P2
2024-06-28,DU_9,3d956901-f5ea-4094-9c85-333cc68183d4,producer,P3
2024-06-29,DU_9,3d956901-f5ea-4094-9c85-333cc68183d4,producer,P3
2024-06-30,DU_9,3d956901-f5ea-4094-9c85-333cc68183d4,producer,P3
2024-07-07,DU_9,3d956901-f5ea-4094-9c85-333cc68183d4,producer,P2
2024-07-08,DU_9,3d956901-f5ea-4094-9c85-333cc68183d4,producer,P2
2024-07-09,DU_9,3d956901-f5ea-4094-9c85-333cc68183d4,producer,P2
2024-07-14,DU_9,3d956901-f5ea-4094-9c85-333cc68183d4,producer,P0
2024-09-10,DU_9,3d956901-f5ea-4094-9c85-333cc68183d4,producer,P0
2024-09-11,DU_9,3d956901-f5ea-4094-9c85-333cc68183d4,producer,P0
2024-09-12,DU_9,3d956901-f5ea-4094-9c85-333cc68183d4,producer,P1
2024-09-13,DU_9,3d956901-f5ea-4094-9c85-333cc68183d4,producer,P0
2024-09-16,DU_9,3d956901-f5ea-4094-9c85-333cc68183d4,producer,P1
2024-09-17,DU_9,3d956901-f5ea-4094-9c85-333cc68183d4,producer,P2
2024-09-18,DU_9,3d956901-f5ea-4094-9c85-333cc68183d4,producer,P2
2024-09-21,DU_9,3d956901-f5ea-4094-9c85-333cc68183d4,producer,P2
2024-09-22,DU_9,3d956901-f5ea-4094-9c85-333cc68183d4,producer,P2
2024-09-24,DU_9,3d956901-f5ea-4094-9c85-333cc68183d4,producer,P1
2024-09-25,DU_9,3d956901-f5ea-4094-9c85-333cc68183d4,producer,P1
2024-09-26,DU_9,3d956901-f5ea-4094-9c85-333cc68183d4,producer,P1
2024-09-27,DU_9,3d956901-f5ea-4094-9c85-333cc68183d4,producer,P3
2024-09-29,DU_9,3d956901-f5ea-4094-9c85-333cc68183d4,producer,P2
2024-10-01,DU_9,3d956901-f5ea-4094-9c85-333cc68183d4,producer,P1
2024-10-02,DU_9,3d956901-f5ea-4094-9c85-333cc68183d4,producer,P1
2024-10-03,DU_9,3d956901-f5ea-4094-9c85-333cc68183d4,producer,P0
2024-10-04,DU_9,3d956901-f5ea-4094-9c85-333cc68183d4,producer,P1
2024-10-06,DU_9,3d956901-f5ea-4094-9c85-333cc68183d4,producer,P2
2024-10-08,DU_9,3d956901-f5ea-4094-9c85-333cc68183d4,producer,P0
2024-10-09,DU_9,3d956901-f5ea-4094-9c85-333cc68183d4,producer,P0
2024-10-10,DU_9,3d956901-f5ea-4094-9c85-333cc68183d4,producer,P1
2024-10-12,DU_9,3d956901-f5ea-4094-9c85-333cc68183d4,producer,P2
2024-10-13,DU_9,3d956901-f5ea-4094-9c85-333cc68183d4,producer,P1
2024-10-14,DU_9,3d956901-f5ea-4094-9c85-333cc68183d4,producer,P1
