air_temp,dni,ghi,period_end,period
15,0,0,2024-10-01T00:15:00+00:00,PT15M
14,0,0,2024-10-01T00:30:00+00:00,PT15M
14,0,0,2024-10-01T00:45:00+00:00,PT15M
14,0,0,2024-10-01T01:00:00+00:00,PT15M
14,0,0,2024-10-01T01:15:00+00:00,PT15M
14,0,0,2024-10-01T01:30:00+00:00,PT15M
14,0,0,2024-10-01T01:45:00+00:00,PT15M
14,0,0,2024-10-01T02:00:00+00:00,PT15M
14,0,0,2024-10-01T02:15:00+00:00,PT15M
14,0,0,2024-10-01T02:30:00+00:00,PT15M
14,0,0,2024-10-01T02:45:00+00:00,PT15M
14,0,0,2024-10-01T03:00:00+00:00,PT15M
13,0,0,2024-10-01T03:15:00+00:00,PT15M
13,0,0,2024-10-01T03:30:00+00:00,PT15M
13,0,0,2024-10-01T03:45:00+00:00,PT15M
13,0,0,2024-10-01T04:00:00+00:00,PT15M
13,0,0,2024-10-01T04:15:00+00:00,PT15M
13,0,0,2024-10-01T04:30:00+00:00,PT15M
13,0,0,2024-10-01T04:45:00+00:00,PT15M
13,0,0,2024-10-01T05:00:00+00:00,PT15M
13,1,1,2024-10-01T05:15:00+00:00,PT15M
14,8,16,2024-10-01T05:30:00+00:00,PT15M
14,176,47,2024-10-01T05:45:00+00:00,PT15M
14,396,89,2024-10-01T06:00:00+00:00,PT15M
15,483,131,2024-10-01T06:15:00+00:00,PT15M
15,551,175,2024-10-01T06:30:00+00:00,PT15M
16,605,220,2024-10-01T06:45:00+00:00,PT15M
16,650,265,2024-10-01T07:00:00+00:00,PT15M
17,687,309,2024-10-01T07:15:00+00:00,PT15M
17,718,353,2024-10-01T07:30:00+00:00,PT15M
18,744,395,2024-10-01T07:45:00+00:00,PT15M
19,767,435,2024-10-01T08:00:00+00:00,PT15M
19,786,473,2024-10-01T08:15:00+00:00,PT15M
20,803,509,2024-10-01T08:30:00+00:00,PT15M
20,818,543,2024-10-01T08:45:00+00:00,PT15M
20,833,574,2024-10-01T09:00:00+00:00,PT15M
21,845,602,2024-10-01T09:15:00+00:00,PT15M
21,856,627,2024-10-01T09:30:00+00:00,PT15M
22,864,649,2024-10-01T09:45:00+00:00,PT15M
22,868,667,2024-10-01T10:00:00+00:00,PT15M
22,870,681,2024-10-01T10:15:00+00:00,PT15M
23,872,692,2024-10-01T10:30:00+00:00,PT15M
23,873,699,2024-10-01T10:45:00+00:00,PT15M
23,874,703,2024-10-01T11:00:00+00:00,PT15M
23,874,703,2024-10-01T11:15:00+00:00,PT15M
23,873,699,2024-10-01T11:30:00+00:00,PT15M
23,869,691,2024-10-01T11:45:00+00:00,PT15M
23,861,679,2024-10-01T12:00:00+00:00,PT15M
23,852,664,2024-10-01T12:15:00+00:00,PT15M
24,842,645,2024-10-01T12:30:00+00:00,PT15M
24,833,624,2024-10-01T12:45:00+00:00,PT15M
24,826,599,2024-10-01T13:00:00+00:00,PT15M
24,818,572,2024-10-01T13:15:00+00:00,PT15M
24,807,541,2024-10-01T13:30:00+00:00,PT15M
23,794,508,2024-10-01T13:45:00+00:00,PT15M
23,776,471,2024-10-01T14:00:00+00:00,PT15M
23,756,433,2024-10-01T14:15:00+00:00,PT15M
23,733,393,2024-10-01T14:30:00+00:00,PT15M
23,705,350,2024-10-01T14:45:00+00:00,PT15M
23,673,307,2024-10-01T15:00:00+00:00,PT15M
23,634,262,2024-10-01T15:15:00+00:00,PT15M
22,587,217,2024-10-01T15:30:00+00:00,PT15M
22,530,172,2024-10-01T15:45:00+00:00,PT15M
22,393,123,2024-10-01T16:00:00+00:00,PT15M
21,370,86,2024-10-01T16:15:00+00:00,PT15M
21,237,48,2024-10-01T16:30:00+00:00,PT15M
21,30,16,2024-10-01T16:45:00+00:00,PT15M
20,0,0,2024-10-01T17:00:00+00:00,PT15M
20,0,0,2024-10-01T17:15:00+00:00,PT15M
19,0,0,2024-10-01T17:30:00+00:00,PT15M
19,0,0,2024-10-01T17:45:00+00:00,PT15M
19,0,0,2024-10-01T18:00:00+00:00,PT15M
18,0,0,2024-10-01T18:15:00+00:00,PT15M
18,0,0,2024-10-01T18:30:00+00:00,PT15M
18,0,0,2024-10-01T18:45:00+00:00,PT15M
17,0,0,2024-10-01T19:00:00+00:00,PT15M
17,0,0,2024-10-01T19:15:00+00:00,PT15M
17,0,0,2024-10-01T19:30:00+00:00,PT15M
17,0,0,2024-10-01T19:45:00+00:00,PT15M
17,0,0,2024-10-01T20:00:00+00:00,PT15M
17,0,0,2024-10-01T20:15:00+00:00,PT15M
17,0,0,2024-10-01T20:30:00+00:00,PT15M
17,0,0,2024-10-01T20:45:00+00:00,PT15M
17,0,0,2024-10-01T21:00:00+00:00,PT15M
17,0,0,2024-10-01T21:15:00+00:00,PT15M
17,0,0,2024-10-01T21:30:00+00:00,PT15M
17,0,0,2024-10-01T21:45:00+00:00,PT15M
17,0,0,2024-10-01T22:00:00+00:00,PT15M
17,0,0,2024-10-01T22:15:00+00:00,PT15M
17,0,0,2024-10-01T22:30:00+00:00,PT15M
17,0,0,2024-10-01T22:45:00+00:00,PT15M
17,0,0,2024-10-01T23:00:00+00:00,PT15M
17,0,0,2024-10-01T23:15:00+00:00,PT15M
17,0,0,2024-10-01T23:30:00+00:00,PT15M
17,0,0,2024-10-01T23:45:00+00:00,PT15M
17,0,0,2024-10-02T00:00:00+00:00,PT15M
17,0,0,2024-10-02T00:15:00+00:00,PT15M
17,0,0,2024-10-02T00:30:00+00:00,PT15M
17,0,0,2024-10-02T00:45:00+00:00,PT15M
17,0,0,2024-10-02T01:00:00+00:00,PT15M
17,0,0,2024-10-02T01:15:00+00:00,PT15M
17,0,0,2024-10-02T01:30:00+00:00,PT15M
17,0,0,2024-10-02T01:45:00+00:00,PT15M
17,0,0,2024-10-02T02:00:00+00:00,PT15M
17,0,0,2024-10-02T02:15:00+00:00,PT15M
17,0,0,2024-10-02T02:30:00+00:00,PT15M
17,0,0,2024-10-02T02:45:00+00:00,PT15M
17,0,0,2024-10-02T03:00:00+00:00,PT15M
17,0,0,2024-10-02T03:15:00+00:00,PT15M
17,0,0,2024-10-02T03:30:00+00:00,PT15M
17,0,0,2024-10-02T03:45:00+00:00,PT15M
17,0,0,2024-10-02T04:00:00+00:00,PT15M
17,0,0,2024-10-02T04:15:00+00:00,PT15M
17,0,0,2024-10-02T04:30:00+00:00,PT15M
17,0,0,2024-10-02T04:45:00+00:00,PT15M
17,0,0,2024-10-02T05:00:00+00:00,PT15M
17,0,0,2024-10-02T05:15:00+00:00,PT15M
17,0,8,2024-10-02T05:30:00+00:00,PT15M
17,0,13,2024-10-02T05:45:00+00:00,PT15M
17,0,22,2024-10-02T06:00:00+00:00,PT15M
17,0,46,2024-10-02T06:15:00+00:00,PT15M
17,0,45,2024-10-02T06:30:00+00:00,PT15M
17,0,51,2024-10-02T06:45:00+00:00,PT15M
18,0,89,2024-10-02T07:00:00+00:00,PT15M
18,0,91,2024-10-02T07:15:00+00:00,PT15M
18,164,249,2024-10-02T07:30:00+00:00,PT15M
19,382,324,2024-10-02T07:45:00+00:00,PT15M
19,316,339,2024-10-02T08:00:00+00:00,PT15M
19,296,363,2024-10-02T08:15:00+00:00,PT15M
20,190,358,2024-10-02T08:30:00+00:00,PT15M
20,0,305,2024-10-02T08:45:00+00:00,PT15M
21,52,346,2024-10-02T09:00:00+00:00,PT15M
21,172,413,2024-10-02T09:15:00+00:00,PT15M
21,90,382,2024-10-02T09:30:00+00:00,PT15M
22,0,322,2024-10-02T09:45:00+00:00,PT15M
22,13,378,2024-10-02T10:00:00+00:00,PT15M
22,139,450,2024-10-02T10:15:00+00:00,PT15M
22,91,434,2024-10-02T10:30:00+00:00,PT15M
22,0,363,2024-10-02T10:45:00+00:00,PT15M
23,6,380,2024-10-02T11:00:00+00:00,PT15M
23,86,441,2024-10-02T11:15:00+00:00,PT15M
23,141,463,2024-10-02T11:30:00+00:00,PT15M
23,153,462,2024-10-02T11:45:00+00:00,PT15M
23,373,532,2024-10-02T12:00:00+00:00,PT15M
23,28,395,2024-10-02T12:15:00+00:00,PT15M
23,0,330,2024-10-02T12:30:00+00:00,PT15M
23,59,386,2024-10-02T12:45:00+00:00,PT15M
23,73,377,2024-10-02T13:00:00+00:00,PT15M
23,112,374,2024-10-02T13:15:00+00:00,PT15M
23,29,305,2024-10-02T13:30:00+00:00,PT15M
23,0,234,2024-10-02T13:45:00+00:00,PT15M
23,0,252,2024-10-02T14:00:00+00:00,PT15M
22,0,208,2024-10-02T14:15:00+00:00,PT15M
22,0,184,2024-10-02T14:30:00+00:00,PT15M
22,113,236,2024-10-02T14:45:00+00:00,PT15M
22,0,169,2024-10-02T15:00:00+00:00,PT15M
22,0,139,2024-10-02T15:15:00+00:00,PT15M
22,0,125,2024-10-02T15:30:00+00:00,PT15M
22,0,98,2024-10-02T15:45:00+00:00,PT15M
22,41,87,2024-10-02T16:00:00+00:00,PT15M
21,27,55,2024-10-02T16:15:00+00:00,PT15M
21,0,18,2024-10-02T16:30:00+00:00,PT15M
21,0,1,2024-10-02T16:45:00+00:00,PT15M
21,0,0,2024-10-02T17:00:00+00:00,PT15M
21,0,0,2024-10-02T17:15:00+00:00,PT15M
21,0,0,2024-10-02T17:30:00+00:00,PT15M
21,0,0,2024-10-02T17:45:00+00:00,PT15M
20,0,0,2024-10-02T18:00:00+00:00,PT15M
20,0,0,2024-10-02T18:15:00+00:00,PT15M
20,0,0,2024-10-02T18:30:00+00:00,PT15M
20,0,0,2024-10-02T18:45:00+00:00,PT15M
20,0,0,2024-10-02T19:00:00+00:00,PT15M
20,0,0,2024-10-02T19:15:00+00:00,PT15M
20,0,0,2024-10-02T19:30:00+00:00,PT15M
20,0,0,2024-10-02T19:45:00+00:00,PT15M
20,0,0,2024-10-02T20:00:00+00:00,PT15M
20,0,0,2024-10-02T20:15:00+00:00,PT15M
20,0,0,2024-10-02T20:30:00+00:00,PT15M
20,0,0,2024-10-02T20:45:00+00:00,PT15M
20,0,0,2024-10-02T21:00:00+00:00,PT15M
20,0,0,2024-10-02T21:15:00+00:00,PT15M
20,0,0,2024-10-02T21:30:00+00:00,PT15M
20,0,0,2024-10-02T21:45:00+00:00,PT15M
20,0,0,2024-10-02T22:00:00+00:00,PT15M
20,0,0,2024-10-02T22:15:00+00:00,PT15M
20,0,0,2024-10-02T22:30:00+00:00,PT15M
20,0,0,2024-10-02T22:45:00+00:00,PT15M
20,0,0,2024-10-02T23:00:00+00:00,PT15M
20,0,0,2024-10-02T23:15:00+00:00,PT15M
20,0,0,2024-10-02T23:30:00+00:00,PT15M
19,0,0,2024-10-02T23:45:00+00:00,PT15M
19,0,0,2024-10-03T00:00:00+00:00,PT15M
19,0,0,2024-10-03T00:15:00+00:00,PT15M
19,0,0,2024-10-03T00:30:00+00:00,PT15M
19,0,0,2024-10-03T00:45:00+00:00,PT15M
19,0,0,2024-10-03T01:00:00+00:00,PT15M
19,0,0,2024-10-03T01:15:00+00:00,PT15M
19,0,0,2024-10-03T01:30:00+00:00,PT15M
19,0,0,2024-10-03T01:45:00+00:00,PT15M
19,0,0,2024-10-03T02:00:00+00:00,PT15M
19,0,0,2024-10-03T02:15:00+00:00,PT15M
19,0,0,2024-10-03T02:30:00+00:00,PT15M
19,0,0,2024-10-03T02:45:00+00:00,PT15M
19,0,0,2024-10-03T03:00:00+00:00,PT15M
19,0,0,2024-10-03T03:15:00+00:00,PT15M
19,0,0,2024-10-03T03:30:00+00:00,PT15M
19,0,0,2024-10-03T03:45:00+00:00,PT15M
19,0,0,2024-10-03T04:00:00+00:00,PT15M
19,0,0,2024-10-03T04:15:00+00:00,PT15M
19,0,0,2024-10-03T04:30:00+00:00,PT15M
19,0,0,2024-10-03T04:45:00+00:00,PT15M
19,0,0,2024-10-03T05:00:00+00:00,PT15M
19,0,0,2024-10-03T05:15:00+00:00,PT15M
19,0,2,2024-10-03T05:30:00+00:00,PT15M
19,0,5,2024-10-03T05:45:00+00:00,PT15M
19,0,5,2024-10-03T06:00:00+00:00,PT15M
19,0,9,2024-10-03T06:15:00+00:00,PT15M
19,0,17,2024-10-03T06:30:00+00:00,PT15M
20,0,32,2024-10-03T06:45:00+00:00,PT15M
20,0,42,2024-10-03T07:00:00+00:00,PT15M
20,0,52,2024-10-03T07:15:00+00:00,PT15M
20,0,38,2024-10-03T07:30:00+00:00,PT15M
20,0,33,2024-10-03T07:45:00+00:00,PT15M
20,0,67,2024-10-03T08:00:00+00:00,PT15M
20,0,69,2024-10-03T08:15:00+00:00,PT15M
20,0,63,2024-10-03T08:30:00+00:00,PT15M
20,0,76,2024-10-03T08:45:00+00:00,PT15M
20,0,68,2024-10-03T09:00:00+00:00,PT15M
20,0,100,2024-10-03T09:15:00+00:00,PT15M
20,0,78,2024-10-03T09:30:00+00:00,PT15M
21,0,80,2024-10-03T09:45:00+00:00,PT15M
21,0,91,2024-10-03T10:00:00+00:00,PT15M
21,0,54,2024-10-03T10:15:00+00:00,PT15M
21,0,134,2024-10-03T10:30:00+00:00,PT15M
21,0,132,2024-10-03T10:45:00+00:00,PT15M
21,0,73,2024-10-03T11:00:00+00:00,PT15M
21,0,117,2024-10-03T11:15:00+00:00,PT15M
21,0,91,2024-10-03T11:30:00+00:00,PT15M
21,0,135,2024-10-03T11:45:00+00:00,PT15M
21,0,134,2024-10-03T12:00:00+00:00,PT15M
21,0,225,2024-10-03T12:15:00+00:00,PT15M
21,0,199,2024-10-03T12:30:00+00:00,PT15M
21,0,121,2024-10-03T12:45:00+00:00,PT15M
21,0,170,2024-10-03T13:00:00+00:00,PT15M
20,0,114,2024-10-03T13:15:00+00:00,PT15M
20,0,74,2024-10-03T13:30:00+00:00,PT15M
20,0,114,2024-10-03T13:45:00+00:00,PT15M
20,0,91,2024-10-03T14:00:00+00:00,PT15M
20,0,119,2024-10-03T14:15:00+00:00,PT15M
20,0,78,2024-10-03T14:30:00+00:00,PT15M
20,0,80,2024-10-03T14:45:00+00:00,PT15M
20,0,81,2024-10-03T15:00:00+00:00,PT15M
20,0,72,2024-10-03T15:15:00+00:00,PT15M
20,0,51,2024-10-03T15:30:00+00:00,PT15M
20,0,28,2024-10-03T15:45:00+00:00,PT15M
20,0,19,2024-10-03T16:00:00+00:00,PT15M
20,0,14,2024-10-03T16:15:00+00:00,PT15M
19,0,10,2024-10-03T16:30:00+00:00,PT15M
19,0,1,2024-10-03T16:45:00+00:00,PT15M
19,0,0,2024-10-03T17:00:00+00:00,PT15M
19,0,0,2024-10-03T17:15:00+00:00,PT15M
19,0,0,2024-10-03T17:30:00+00:00,PT15M
18,0,0,2024-10-03T17:45:00+00:00,PT15M
18,0,0,2024-10-03T18:00:00+00:00,PT15M
18,0,0,2024-10-03T18:15:00+00:00,PT15M
18,0,0,2024-10-03T18:30:00+00:00,PT15M
18,0,0,2024-10-03T18:45:00+00:00,PT15M
17,0,0,2024-10-03T19:00:00+00:00,PT15M
17,0,0,2024-10-03T19:15:00+00:00,PT15M
17,0,0,2024-10-03T19:30:00+00:00,PT15M
17,0,0,2024-10-03T19:45:00+00:00,PT15M
17,0,0,2024-10-03T20:00:00+00:00,PT15M
16,0,0,2024-10-03T20:15:00+00:00,PT15M
16,0,0,2024-10-03T20:30:00+00:00,PT15M
16,0,0,2024-10-03T20:45:00+00:00,PT15M
16,0,0,2024-10-03T21:00:00+00:00,PT15M
16,0,0,2024-10-03T21:15:00+00:00,PT15M
16,0,0,2024-10-03T21:30:00+00:00,PT15M
16,0,0,2024-10-03T21:45:00+00:00,PT15M
16,0,0,2024-10-03T22:00:00+00:00,PT15M
15,0,0,2024-10-03T22:15:00+00:00,PT15M
15,0,0,2024-10-03T22:30:00+00:00,PT15M
15,0,0,2024-10-03T22:45:00+00:00,PT15M
15,0,0,2024-10-03T23:00:00+00:00,PT15M
15,0,0,2024-10-03T23:15:00+00:00,PT15M
15,0,0,2024-10-03T23:30:00+00:00,PT15M
15,0,0,2024-10-03T23:45:00+00:00,PT15M
15,0,0,2024-10-04T00:00:00+00:00,PT15M
15,0,0,2024-10-04T00:15:00+00:00,PT15M
15,0,0,2024-10-04T00:30:00+00:00,PT15M
15,0,0,2024-10-04T00:45:00+00:00,PT15M
15,0,0,2024-10-04T01:00:00+00:00,PT15M
15,0,0,2024-10-04T01:15:00+00:00,PT15M
15,0,0,2024-10-04T01:30:00+00:00,PT15M
15,0,0,2024-10-04T01:45:00+00:00,PT15M
15,0,0,2024-10-04T02:00:00+00:00,PT15M
15,0,0,2024-10-04T02:15:00+00:00,PT15M
15,0,0,2024-10-04T02:30:00+00:00,PT15M
15,0,0,2024-10-04T02:45:00+00:00,PT15M
15,0,0,2024-10-04T03:00:00+00:00,PT15M
15,0,0,2024-10-04T03:15:00+00:00,PT15M
15,0,0,2024-10-04T03:30:00+00:00,PT15M
15,0,0,2024-10-04T03:45:00+00:00,PT15M
15,0,0,2024-10-04T04:00:00+00:00,PT15M
15,0,0,2024-10-04T04:15:00+00:00,PT15M
15,0,0,2024-10-04T04:30:00+00:00,PT15M
15,0,0,2024-10-04T04:45:00+00:00,PT15M
15,0,0,2024-10-04T05:00:00+00:00,PT15M
15,0,0,2024-10-04T05:15:00+00:00,PT15M
15,0,8,2024-10-04T05:30:00+00:00,PT15M
15,5,26,2024-10-04T05:45:00+00:00,PT15M
15,19,55,2024-10-04T06:00:00+00:00,PT15M
15,0,62,2024-10-04T06:15:00+00:00,PT15M
16,0,62,2024-10-04T06:30:00+00:00,PT15M
16,0,114,2024-10-04T06:45:00+00:00,PT15M
16,0,93,2024-10-04T07:00:00+00:00,PT15M
16,0,155,2024-10-04T07:15:00+00:00,PT15M
17,0,133,2024-10-04T07:30:00+00:00,PT15M
17,0,174,2024-10-04T07:45:00+00:00,PT15M
17,250,327,2024-10-04T08:00:00+00:00,PT15M
17,475,406,2024-10-04T08:15:00+00:00,PT15M
18,378,413,2024-10-04T08:30:00+00:00,PT15M
18,747,523,2024-10-04T08:45:00+00:00,PT15M
18,674,534,2024-10-04T09:00:00+00:00,PT15M
18,168,418,2024-10-04T09:15:00+00:00,PT15M
18,282,473,2024-10-04T09:30:00+00:00,PT15M
19,332,504,2024-10-04T09:45:00+00:00,PT15M
19,313,512,2024-10-04T10:00:00+00:00,PT15M
19,139,461,2024-10-04T10:15:00+00:00,PT15M
19,149,470,2024-10-04T10:30:00+00:00,PT15M
19,92,454,2024-10-04T10:45:00+00:00,PT15M
19,18,398,2024-10-04T11:00:00+00:00,PT15M
19,76,409,2024-10-04T11:15:00+00:00,PT15M
19,0,316,2024-10-04T11:30:00+00:00,PT15M
19,23,373,2024-10-04T11:45:00+00:00,PT15M
19,0,229,2024-10-04T12:00:00+00:00,PT15M
19,57,380,2024-10-04T12:15:00+00:00,PT15M
19,141,429,2024-10-04T12:30:00+00:00,PT15M
19,0,290,2024-10-04T12:45:00+00:00,PT15M
19,0,226,2024-10-04T13:00:00+00:00,PT15M
19,34,309,2024-10-04T13:15:00+00:00,PT15M
19,127,367,2024-10-04T13:30:00+00:00,PT15M
19,0,253,2024-10-04T13:45:00+00:00,PT15M
19,0,244,2024-10-04T14:00:00+00:00,PT15M
19,0,170,2024-10-04T14:15:00+00:00,PT15M
18,0,171,2024-10-04T14:30:00+00:00,PT15M
18,0,168,2024-10-04T14:45:00+00:00,PT15M
18,0,173,2024-10-04T15:00:00+00:00,PT15M
18,0,137,2024-10-04T15:15:00+00:00,PT15M
18,1,128,2024-10-04T15:30:00+00:00,PT15M
18,0,94,2024-10-04T15:45:00+00:00,PT15M
18,0,66,2024-10-04T16:00:00+00:00,PT15M
18,0,44,2024-10-04T16:15:00+00:00,PT15M
18,0,24,2024-10-04T16:30:00+00:00,PT15M
17,0,6,2024-10-04T16:45:00+00:00,PT15M
17,0,0,2024-10-04T17:00:00+00:00,PT15M
17,0,0,2024-10-04T17:15:00+00:00,PT15M
17,0,0,2024-10-04T17:30:00+00:00,PT15M
17,0,0,2024-10-04T17:45:00+00:00,PT15M
17,0,0,2024-10-04T18:00:00+00:00,PT15M
17,0,0,2024-10-04T18:15:00+00:00,PT15M
17,0,0,2024-10-04T18:30:00+00:00,PT15M
16,0,0,2024-10-04T18:45:00+00:00,PT15M
16,0,0,2024-10-04T19:00:00+00:00,PT15M
16,0,0,2024-10-04T19:15:00+00:00,PT15M
16,0,0,2024-10-04T19:30:00+00:00,PT15M
16,0,0,2024-10-04T19:45:00+00:00,PT15M
16,0,0,2024-10-04T20:00:00+00:00,PT15M
16,0,0,2024-10-04T20:15:00+00:00,PT15M
16,0,0,2024-10-04T20:30:00+00:00,PT15M
16,0,0,2024-10-04T20:45:00+00:00,PT15M
16,0,0,2024-10-04T21:00:00+00:00,PT15M
16,0,0,2024-10-04T21:15:00+00:00,PT15M
15,0,0,2024-10-04T21:30:00+00:00,PT15M
15,0,0,2024-10-04T21:45:00+00:00,PT15M
15,0,0,2024-10-04T22:00:00+00:00,PT15M
15,0,0,2024-10-04T22:15:00+00:00,PT15M
15,0,0,2024-10-04T22:30:00+00:00,PT15M
15,0,0,2024-10-04T22:45:00+00:00,PT15M
15,0,0,2024-10-04T23:00:00+00:00,PT15M
15,0,0,2024-10-04T23:15:00+00:00,PT15M
15,0,0,2024-10-04T23:30:00+00:00,PT15M
14,0,0,2024-10-04T23:45:00+00:00,PT15M
14,0,0,2024-10-05T00:00:00+00:00,PT15M
14,0,0,2024-10-05T00:15:00+00:00,PT15M
14,0,0,2024-10-05T00:30:00+00:00,PT15M
14,0,0,2024-10-05T00:45:00+00:00,PT15M
14,0,0,2024-10-05T01:00:00+00:00,PT15M
14,0,0,2024-10-05T01:15:00+00:00,PT15M
14,0,0,2024-10-05T01:30:00+00:00,PT15M
14,0,0,2024-10-05T01:45:00+00:00,PT15M
14,0,0,2024-10-05T02:00:00+00:00,PT15M
14,0,0,2024-10-05T02:15:00+00:00,PT15M
14,0,0,2024-10-05T02:30:00+00:00,PT15M
14,0,0,2024-10-05T02:45:00+00:00,PT15M
14,0,0,2024-10-05T03:00:00+00:00,PT15M
14,0,0,2024-10-05T03:15:00+00:00,PT15M
14,0,0,2024-10-05T03:30:00+00:00,PT15M
14,0,0,2024-10-05T03:45:00+00:00,PT15M
14,0,0,2024-10-05T04:00:00+00:00,PT15M
14,0,0,2024-10-05T04:15:00+00:00,PT15M
14,0,0,2024-10-05T04:30:00+00:00,PT15M
14,0,0,2024-10-05T04:45:00+00:00,PT15M
14,0,0,2024-10-05T05:00:00+00:00,PT15M
13,0,0,2024-10-05T05:15:00+00:00,PT15M
14,0,5,2024-10-05T05:30:00+00:00,PT15M
14,11,25,2024-10-05T05:45:00+00:00,PT15M
14,122,61,2024-10-05T06:00:00+00:00,PT15M
14,297,105,2024-10-05T06:15:00+00:00,PT15M
14,140,125,2024-10-05T06:30:00+00:00,PT15M
15,7,127,2024-10-05T06:45:00+00:00,PT15M
15,6,148,2024-10-05T07:00:00+00:00,PT15M
16,0,139,2024-10-05T07:15:00+00:00,PT15M
16,0,122,2024-10-05T07:30:00+00:00,PT15M
16,0,127,2024-10-05T07:45:00+00:00,PT15M
16,0,168,2024-10-05T08:00:00+00:00,PT15M
16,0,227,2024-10-05T08:15:00+00:00,PT15M
16,51,318,2024-10-05T08:30:00+00:00,PT15M
16,123,362,2024-10-05T08:45:00+00:00,PT15M
17,493,485,2024-10-05T09:00:00+00:00,PT15M
17,659,548,2024-10-05T09:15:00+00:00,PT15M
17,584,551,2024-10-05T09:30:00+00:00,PT15M
17,507,547,2024-10-05T09:45:00+00:00,PT15M
18,277,490,2024-10-05T10:00:00+00:00,PT15M
18,161,461,2024-10-05T10:15:00+00:00,PT15M
18,48,383,2024-10-05T10:30:00+00:00,PT15M
18,0,266,2024-10-05T10:45:00+00:00,PT15M
18,0,278,2024-10-05T11:00:00+00:00,PT15M
18,0,280,2024-10-05T11:15:00+00:00,PT15M
18,0,296,2024-10-05T11:30:00+00:00,PT15M
18,0,367,2024-10-05T11:45:00+00:00,PT15M
18,172,460,2024-10-05T12:00:00+00:00,PT15M
18,511,559,2024-10-05T12:15:00+00:00,PT15M
18,344,495,2024-10-05T12:30:00+00:00,PT15M
18,8,313,2024-10-05T12:45:00+00:00,PT15M
18,0,256,2024-10-05T13:00:00+00:00,PT15M
18,13,331,2024-10-05T13:15:00+00:00,PT15M
18,67,337,2024-10-05T13:30:00+00:00,PT15M
18,0,269,2024-10-05T13:45:00+00:00,PT15M
18,0,246,2024-10-05T14:00:00+00:00,PT15M
18,0,120,2024-10-05T14:15:00+00:00,PT15M
18,0,58,2024-10-05T14:30:00+00:00,PT15M
18,32,156,2024-10-05T14:45:00+00:00,PT15M
18,339,242,2024-10-05T15:00:00+00:00,PT15M
18,373,213,2024-10-05T15:15:00+00:00,PT15M
18,489,189,2024-10-05T15:30:00+00:00,PT15M
18,501,153,2024-10-05T15:45:00+00:00,PT15M
18,424,109,2024-10-05T16:00:00+00:00,PT15M
18,327,69,2024-10-05T16:15:00+00:00,PT15M
17,46,28,2024-10-05T16:30:00+00:00,PT15M
17,4,6,2024-10-05T16:45:00+00:00,PT15M
17,0,0,2024-10-05T17:00:00+00:00,PT15M
16,0,0,2024-10-05T17:15:00+00:00,PT15M
16,0,0,2024-10-05T17:30:00+00:00,PT15M
16,0,0,2024-10-05T17:45:00+00:00,PT15M
15,0,0,2024-10-05T18:00:00+00:00,PT15M
15,0,0,2024-10-05T18:15:00+00:00,PT15M
15,0,0,2024-10-05T18:30:00+00:00,PT15M
15,0,0,2024-10-05T18:45:00+00:00,PT15M
15,0,0,2024-10-05T19:00:00+00:00,PT15M
15,0,0,2024-10-05T19:15:00+00:00,PT15M
14,0,0,2024-10-05T19:30:00+00:00,PT15M
14,0,0,2024-10-05T19:45:00+00:00,PT15M
14,0,0,2024-10-05T20:00:00+00:00,PT15M
14,0,0,2024-10-05T20:15:00+00:00,PT15M
14,0,0,2024-10-05T20:30:00+00:00,PT15M
14,0,0,2024-10-05T20:45:00+00:00,PT15M
14,0,0,2024-10-05T21:00:00+00:00,PT15M
13,0,0,2024-10-05T21:15:00+00:00,PT15M
13,0,0,2024-10-05T21:30:00+00:00,PT15M
13,0,0,2024-10-05T21:45:00+00:00,PT15M
13,0,0,2024-10-05T22:00:00+00:00,PT15M
13,0,0,2024-10-05T22:15:00+00:00,PT15M
13,0,0,2024-10-05T22:30:00+00:00,PT15M
13,0,0,2024-10-05T22:45:00+00:00,PT15M
13,0,0,2024-10-05T23:00:00+00:00,PT15M
13,0,0,2024-10-05T23:15:00+00:00,PT15M
13,0,0,2024-10-05T23:30:00+00:00,PT15M
13,0,0,2024-10-05T23:45:00+00:00,PT15M
13,0,0,2024-10-06T00:00:00+00:00,PT15M
13,0,0,2024-10-06T00:15:00+00:00,PT15M
12,0,0,2024-10-06T00:30:00+00:00,PT15M
12,0,0,2024-10-06T00:45:00+00:00,PT15M
12,0,0,2024-10-06T01:00:00+00:00,PT15M
12,0,0,2024-10-06T01:15:00+00:00,PT15M
12,0,0,2024-10-06T01:30:00+00:00,PT15M
12,0,0,2024-10-06T01:45:00+00:00,PT15M
12,0,0,2024-10-06T02:00:00+00:00,PT15M
12,0,0,2024-10-06T02:15:00+00:00,PT15M
12,0,0,2024-10-06T02:30:00+00:00,PT15M
12,0,0,2024-10-06T02:45:00+00:00,PT15M
12,0,0,2024-10-06T03:00:00+00:00,PT15M
12,0,0,2024-10-06T03:15:00+00:00,PT15M
12,0,0,2024-10-06T03:30:00+00:00,PT15M
12,0,0,2024-10-06T03:45:00+00:00,PT15M
11,0,0,2024-10-06T04:00:00+00:00,PT15M
11,0,0,2024-10-06T04:15:00+00:00,PT15M
11,0,0,2024-10-06T04:30:00+00:00,PT15M
11,0,0,2024-10-06T04:45:00+00:00,PT15M
11,0,0,2024-10-06T05:00:00+00:00,PT15M
11,0,0,2024-10-06T05:15:00+00:00,PT15M
11,32,9,2024-10-06T05:30:00+00:00,PT15M
11,216,40,2024-10-06T05:45:00+00:00,PT15M
12,394,78,2024-10-06T06:00:00+00:00,PT15M
12,489,120,2024-10-06T06:15:00+00:00,PT15M
12,563,165,2024-10-06T06:30:00+00:00,PT15M
13,620,210,2024-10-06T06:45:00+00:00,PT15M
13,664,255,2024-10-06T07:00:00+00:00,PT15M
13,701,300,2024-10-06T07:15:00+00:00,PT15M
14,730,344,2024-10-06T07:30:00+00:00,PT15M
14,757,386,2024-10-06T07:45:00+00:00,PT15M
15,780,426,2024-10-06T08:00:00+00:00,PT15M
15,799,465,2024-10-06T08:15:00+00:00,PT15M
16,816,501,2024-10-06T08:30:00+00:00,PT15M
16,829,534,2024-10-06T08:45:00+00:00,PT15M
17,839,564,2024-10-06T09:00:00+00:00,PT15M
17,847,591,2024-10-06T09:15:00+00:00,PT15M
17,853,615,2024-10-06T09:30:00+00:00,PT15M
18,858,635,2024-10-06T09:45:00+00:00,PT15M
18,862,652,2024-10-06T10:00:00+00:00,PT15M
18,865,665,2024-10-06T10:15:00+00:00,PT15M
19,868,675,2024-10-06T10:30:00+00:00,PT15M
19,868,681,2024-10-06T10:45:00+00:00,PT15M
19,854,681,2024-10-06T11:00:00+00:00,PT15M
19,675,633,2024-10-06T11:15:00+00:00,PT15M
19,316,523,2024-10-06T11:30:00+00:00,PT15M
20,230,488,2024-10-06T11:45:00+00:00,PT15M
20,68,405,2024-10-06T12:00:00+00:00,PT15M
20,14,366,2024-10-06T12:15:00+00:00,PT15M
20,55,394,2024-10-06T12:30:00+00:00,PT15M
20,0,310,2024-10-06T12:45:00+00:00,PT15M
20,0,279,2024-10-06T13:00:00+00:00,PT15M
20,8,314,2024-10-06T13:15:00+00:00,PT15M
20,274,396,2024-10-06T13:30:00+00:00,PT15M
20,177,346,2024-10-06T13:45:00+00:00,PT15M
20,106,303,2024-10-06T14:00:00+00:00,PT15M
20,107,278,2024-10-06T14:15:00+00:00,PT15M
20,48,236,2024-10-06T14:30:00+00:00,PT15M
19,0,187,2024-10-06T14:45:00+00:00,PT15M
19,0,159,2024-10-06T15:00:00+00:00,PT15M
19,86,162,2024-10-06T15:15:00+00:00,PT15M
19,13,125,2024-10-06T15:30:00+00:00,PT15M
19,79,107,2024-10-06T15:45:00+00:00,PT15M
18,117,82,2024-10-06T16:00:00+00:00,PT15M
18,100,53,2024-10-06T16:15:00+00:00,PT15M
18,10,23,2024-10-06T16:30:00+00:00,PT15M
17,0,3,2024-10-06T16:45:00+00:00,PT15M
17,0,0,2024-10-06T17:00:00+00:00,PT15M
17,0,0,2024-10-06T17:15:00+00:00,PT15M
16,0,0,2024-10-06T17:30:00+00:00,PT15M
16,0,0,2024-10-06T17:45:00+00:00,PT15M
16,0,0,2024-10-06T18:00:00+00:00,PT15M
16,0,0,2024-10-06T18:15:00+00:00,PT15M
16,0,0,2024-10-06T18:30:00+00:00,PT15M
16,0,0,2024-10-06T18:45:00+00:00,PT15M
16,0,0,2024-10-06T19:00:00+00:00,PT15M
16,0,0,2024-10-06T19:15:00+00:00,PT15M
15,0,0,2024-10-06T19:30:00+00:00,PT15M
15,0,0,2024-10-06T19:45:00+00:00,PT15M
15,0,0,2024-10-06T20:00:00+00:00,PT15M
15,0,0,2024-10-06T20:15:00+00:00,PT15M
15,0,0,2024-10-06T20:30:00+00:00,PT15M
15,0,0,2024-10-06T20:45:00+00:00,PT15M
16,0,0,2024-10-06T21:00:00+00:00,PT15M
16,0,0,2024-10-06T21:15:00+00:00,PT15M
15,0,0,2024-10-06T21:30:00+00:00,PT15M
15,0,0,2024-10-06T21:45:00+00:00,PT15M
15,0,0,2024-10-06T22:00:00+00:00,PT15M
15,0,0,2024-10-06T22:15:00+00:00,PT15M
15,0,0,2024-10-06T22:30:00+00:00,PT15M
15,0,0,2024-10-06T22:45:00+00:00,PT15M
15,0,0,2024-10-06T23:00:00+00:00,PT15M
15,0,0,2024-10-06T23:15:00+00:00,PT15M
15,0,0,2024-10-06T23:30:00+00:00,PT15M
15,0,0,2024-10-06T23:45:00+00:00,PT15M
15,0,0,2024-10-07T00:00:00+00:00,PT15M
15,0,0,2024-10-07T00:15:00+00:00,PT15M
15,0,0,2024-10-07T00:30:00+00:00,PT15M
15,0,0,2024-10-07T00:45:00+00:00,PT15M
15,0,0,2024-10-07T01:00:00+00:00,PT15M
15,0,0,2024-10-07T01:15:00+00:00,PT15M
15,0,0,2024-10-07T01:30:00+00:00,PT15M
15,0,0,2024-10-07T01:45:00+00:00,PT15M
15,0,0,2024-10-07T02:00:00+00:00,PT15M
15,0,0,2024-10-07T02:15:00+00:00,PT15M
15,0,0,2024-10-07T02:30:00+00:00,PT15M
15,0,0,2024-10-07T02:45:00+00:00,PT15M
15,0,0,2024-10-07T03:00:00+00:00,PT15M
15,0,0,2024-10-07T03:15:00+00:00,PT15M
15,0,0,2024-10-07T03:30:00+00:00,PT15M
15,0,0,2024-10-07T03:45:00+00:00,PT15M
15,0,0,2024-10-07T04:00:00+00:00,PT15M
15,0,0,2024-10-07T04:15:00+00:00,PT15M
16,0,0,2024-10-07T04:30:00+00:00,PT15M
16,0,0,2024-10-07T04:45:00+00:00,PT15M
16,0,0,2024-10-07T05:00:00+00:00,PT15M
16,0,0,2024-10-07T05:15:00+00:00,PT15M
16,0,1,2024-10-07T05:30:00+00:00,PT15M
16,0,11,2024-10-07T05:45:00+00:00,PT15M
16,0,35,2024-10-07T06:00:00+00:00,PT15M
16,0,29,2024-10-07T06:15:00+00:00,PT15M
16,0,23,2024-10-07T06:30:00+00:00,PT15M
16,0,41,2024-10-07T06:45:00+00:00,PT15M
16,0,77,2024-10-07T07:00:00+00:00,PT15M
16,0,90,2024-10-07T07:15:00+00:00,PT15M
16,0,95,2024-10-07T07:30:00+00:00,PT15M
16,0,96,2024-10-07T07:45:00+00:00,PT15M
16,0,109,2024-10-07T08:00:00+00:00,PT15M
16,0,101,2024-10-07T08:15:00+00:00,PT15M
16,0,137,2024-10-07T08:30:00+00:00,PT15M
17,0,152,2024-10-07T08:45:00+00:00,PT15M
17,0,135,2024-10-07T09:00:00+00:00,PT15M
17,0,147,2024-10-07T09:15:00+00:00,PT15M
17,0,168,2024-10-07T09:30:00+00:00,PT15M
17,0,188,2024-10-07T09:45:00+00:00,PT15M
17,0,214,2024-10-07T10:00:00+00:00,PT15M
17,0,221,2024-10-07T10:15:00+00:00,PT15M
17,0,225,2024-10-07T10:30:00+00:00,PT15M
18,0,273,2024-10-07T10:45:00+00:00,PT15M
18,0,360,2024-10-07T11:00:00+00:00,PT15M
18,13,395,2024-10-07T11:15:00+00:00,PT15M
18,6,389,2024-10-07T11:30:00+00:00,PT15M
19,5,376,2024-10-07T11:45:00+00:00,PT15M
19,22,378,2024-10-07T12:00:00+00:00,PT15M
19,293,479,2024-10-07T12:15:00+00:00,PT15M
20,577,546,2024-10-07T12:30:00+00:00,PT15M
20,759,572,2024-10-07T12:45:00+00:00,PT15M
20,750,547,2024-10-07T13:00:00+00:00,PT15M
21,739,520,2024-10-07T13:15:00+00:00,PT15M
21,721,489,2024-10-07T13:30:00+00:00,PT15M
21,710,457,2024-10-07T13:45:00+00:00,PT15M
21,692,421,2024-10-07T14:00:00+00:00,PT15M
21,670,384,2024-10-07T14:15:00+00:00,PT15M
21,644,344,2024-10-07T14:30:00+00:00,PT15M
21,614,303,2024-10-07T14:45:00+00:00,PT15M
21,421,241,2024-10-07T15:00:00+00:00,PT15M
21,96,162,2024-10-07T15:15:00+00:00,PT15M
21,22,123,2024-10-07T15:30:00+00:00,PT15M
21,0,82,2024-10-07T15:45:00+00:00,PT15M
20,0,60,2024-10-07T16:00:00+00:00,PT15M
20,0,35,2024-10-07T16:15:00+00:00,PT15M
20,0,11,2024-10-07T16:30:00+00:00,PT15M
20,0,1,2024-10-07T16:45:00+00:00,PT15M
19,0,0,2024-10-07T17:00:00+00:00,PT15M
19,0,0,2024-10-07T17:15:00+00:00,PT15M
19,0,0,2024-10-07T17:30:00+00:00,PT15M
19,0,0,2024-10-07T17:45:00+00:00,PT15M
19,0,0,2024-10-07T18:00:00+00:00,PT15M
19,0,0,2024-10-07T18:15:00+00:00,PT15M
19,0,0,2024-10-07T18:30:00+00:00,PT15M
19,0,0,2024-10-07T18:45:00+00:00,PT15M
19,0,0,2024-10-07T19:00:00+00:00,PT15M
18,0,0,2024-10-07T19:15:00+00:00,PT15M
18,0,0,2024-10-07T19:30:00+00:00,PT15M
18,0,0,2024-10-07T19:45:00+00:00,PT15M
18,0,0,2024-10-07T20:00:00+00:00,PT15M
18,0,0,2024-10-07T20:15:00+00:00,PT15M
18,0,0,2024-10-07T20:30:00+00:00,PT15M
18,0,0,2024-10-07T20:45:00+00:00,PT15M
18,0,0,2024-10-07T21:00:00+00:00,PT15M
18,0,0,2024-10-07T21:15:00+00:00,PT15M
18,0,0,2024-10-07T21:30:00+00:00,PT15M
18,0,0,2024-10-07T21:45:00+00:00,PT15M
18,0,0,2024-10-07T22:00:00+00:00,PT15M
18,0,0,2024-10-07T22:15:00+00:00,PT15M
18,0,0,2024-10-07T22:30:00+00:00,PT15M
17,0,0,2024-10-07T22:45:00+00:00,PT15M
17,0,0,2024-10-07T23:00:00+00:00,PT15M
17,0,0,2024-10-07T23:15:00+00:00,PT15M
17,0,0,2024-10-07T23:30:00+00:00,PT15M
17,0,0,2024-10-07T23:45:00+00:00,PT15M
17,0,0,2024-10-08T00:00:00+00:00,PT15M
17,0,0,2024-10-08T00:15:00+00:00,PT15M
17,0,0,2024-10-08T00:30:00+00:00,PT15M
18,0,0,2024-10-08T00:45:00+00:00,PT15M
18,0,0,2024-10-08T01:00:00+00:00,PT15M
18,0,0,2024-10-08T01:15:00+00:00,PT15M
18,0,0,2024-10-08T01:30:00+00:00,PT15M
18,0,0,2024-10-08T01:45:00+00:00,PT15M
18,0,0,2024-10-08T02:00:00+00:00,PT15M
18,0,0,2024-10-08T02:15:00+00:00,PT15M
18,0,0,2024-10-08T02:30:00+00:00,PT15M
17,0,0,2024-10-08T02:45:00+00:00,PT15M
17,0,0,2024-10-08T03:00:00+00:00,PT15M
17,0,0,2024-10-08T03:15:00+00:00,PT15M
17,0,0,2024-10-08T03:30:00+00:00,PT15M
18,0,0,2024-10-08T03:45:00+00:00,PT15M
18,0,0,2024-10-08T04:00:00+00:00,PT15M
18,0,0,2024-10-08T04:15:00+00:00,PT15M
18,0,0,2024-10-08T04:30:00+00:00,PT15M
17,0,0,2024-10-08T04:45:00+00:00,PT15M
17,0,0,2024-10-08T05:00:00+00:00,PT15M
18,0,0,2024-10-08T05:15:00+00:00,PT15M
18,0,1,2024-10-08T05:30:00+00:00,PT15M
18,0,10,2024-10-08T05:45:00+00:00,PT15M
18,12,44,2024-10-08T06:00:00+00:00,PT15M
18,14,60,2024-10-08T06:15:00+00:00,PT15M
18,0,48,2024-10-08T06:30:00+00:00,PT15M
19,0,54,2024-10-08T06:45:00+00:00,PT15M
19,0,57,2024-10-08T07:00:00+00:00,PT15M
19,0,104,2024-10-08T07:15:00+00:00,PT15M
19,0,145,2024-10-08T07:30:00+00:00,PT15M
20,0,149,2024-10-08T07:45:00+00:00,PT15M
20,0,146,2024-10-08T08:00:00+00:00,PT15M
20,0,183,2024-10-08T08:15:00+00:00,PT15M
20,0,123,2024-10-08T08:30:00+00:00,PT15M
20,0,81,2024-10-08T08:45:00+00:00,PT15M
21,0,23,2024-10-08T09:00:00+00:00,PT15M
21,0,22,2024-10-08T09:15:00+00:00,PT15M
21,0,55,2024-10-08T09:30:00+00:00,PT15M
21,0,53,2024-10-08T09:45:00+00:00,PT15M
21,0,26,2024-10-08T10:00:00+00:00,PT15M
21,0,23,2024-10-08T10:15:00+00:00,PT15M
21,0,21,2024-10-08T10:30:00+00:00,PT15M
21,0,76,2024-10-08T10:45:00+00:00,PT15M
21,0,86,2024-10-08T11:00:00+00:00,PT15M
20,0,39,2024-10-08T11:15:00+00:00,PT15M
20,0,26,2024-10-08T11:30:00+00:00,PT15M
20,0,30,2024-10-08T11:45:00+00:00,PT15M
19,0,22,2024-10-08T12:00:00+00:00,PT15M
19,0,19,2024-10-08T12:15:00+00:00,PT15M
19,0,15,2024-10-08T12:30:00+00:00,PT15M
19,0,29,2024-10-08T12:45:00+00:00,PT15M
19,0,76,2024-10-08T13:00:00+00:00,PT15M
20,0,126,2024-10-08T13:15:00+00:00,PT15M
20,0,26,2024-10-08T13:30:00+00:00,PT15M
20,0,40,2024-10-08T13:45:00+00:00,PT15M
20,0,67,2024-10-08T14:00:00+00:00,PT15M
20,0,120,2024-10-08T14:15:00+00:00,PT15M
20,0,123,2024-10-08T14:30:00+00:00,PT15M
21,0,109,2024-10-08T14:45:00+00:00,PT15M
21,0,77,2024-10-08T15:00:00+00:00,PT15M
21,0,46,2024-10-08T15:15:00+00:00,PT15M
21,0,45,2024-10-08T15:30:00+00:00,PT15M
21,0,13,2024-10-08T15:45:00+00:00,PT15M
21,0,14,2024-10-08T16:00:00+00:00,PT15M
20,0,9,2024-10-08T16:15:00+00:00,PT15M
20,0,5,2024-10-08T16:30:00+00:00,PT15M
20,0,0,2024-10-08T16:45:00+00:00,PT15M
19,0,0,2024-10-08T17:00:00+00:00,PT15M
19,0,0,2024-10-08T17:15:00+00:00,PT15M
19,0,0,2024-10-08T17:30:00+00:00,PT15M
19,0,0,2024-10-08T17:45:00+00:00,PT15M
19,0,0,2024-10-08T18:00:00+00:00,PT15M
19,0,0,2024-10-08T18:15:00+00:00,PT15M
19,0,0,2024-10-08T18:30:00+00:00,PT15M
19,0,0,2024-10-08T18:45:00+00:00,PT15M
18,0,0,2024-10-08T19:00:00+00:00,PT15M
18,0,0,2024-10-08T19:15:00+00:00,PT15M
18,0,0,2024-10-08T19:30:00+00:00,PT15M
18,0,0,2024-10-08T19:45:00+00:00,PT15M
18,0,0,2024-10-08T20:00:00+00:00,PT15M
18,0,0,2024-10-08T20:15:00+00:00,PT15M
18,0,0,2024-10-08T20:30:00+00:00,PT15M
19,0,0,2024-10-08T20:45:00+00:00,PT15M
19,0,0,2024-10-08T21:00:00+00:00,PT15M
19,0,0,2024-10-08T21:15:00+00:00,PT15M
19,0,0,2024-10-08T21:30:00+00:00,PT15M
19,0,0,2024-10-08T21:45:00+00:00,PT15M
19,0,0,2024-10-08T22:00:00+00:00,PT15M
19,0,0,2024-10-08T22:15:00+00:00,PT15M
19,0,0,2024-10-08T22:30:00+00:00,PT15M
19,0,0,2024-10-08T22:45:00+00:00,PT15M
19,0,0,2024-10-08T23:00:00+00:00,PT15M
19,0,0,2024-10-08T23:15:00+00:00,PT15M
19,0,0,2024-10-08T23:30:00+00:00,PT15M
18,0,0,2024-10-08T23:45:00+00:00,PT15M
18,0,0,2024-10-09T00:00:00+00:00,PT15M
18,0,0,2024-10-09T00:15:00+00:00,PT15M
18,0,0,2024-10-09T00:30:00+00:00,PT15M
18,0,0,2024-10-09T00:45:00+00:00,PT15M
18,0,0,2024-10-09T01:00:00+00:00,PT15M
18,0,0,2024-10-09T01:15:00+00:00,PT15M
18,0,0,2024-10-09T01:30:00+00:00,PT15M
18,0,0,2024-10-09T01:45:00+00:00,PT15M
18,0,0,2024-10-09T02:00:00+00:00,PT15M
18,0,0,2024-10-09T02:15:00+00:00,PT15M
18,0,0,2024-10-09T02:30:00+00:00,PT15M
18,0,0,2024-10-09T02:45:00+00:00,PT15M
18,0,0,2024-10-09T03:00:00+00:00,PT15M
18,0,0,2024-10-09T03:15:00+00:00,PT15M
18,0,0,2024-10-09T03:30:00+00:00,PT15M
17,0,0,2024-10-09T03:45:00+00:00,PT15M
17,0,0,2024-10-09T04:00:00+00:00,PT15M
17,0,0,2024-10-09T04:15:00+00:00,PT15M
17,0,0,2024-10-09T04:30:00+00:00,PT15M
17,0,0,2024-10-09T04:45:00+00:00,PT15M
17,0,0,2024-10-09T05:00:00+00:00,PT15M
17,0,0,2024-10-09T05:15:00+00:00,PT15M
17,0,2,2024-10-09T05:30:00+00:00,PT15M
17,0,10,2024-10-09T05:45:00+00:00,PT15M
17,0,15,2024-10-09T06:00:00+00:00,PT15M
17,0,33,2024-10-09T06:15:00+00:00,PT15M
18,24,94,2024-10-09T06:30:00+00:00,PT15M
18,96,139,2024-10-09T06:45:00+00:00,PT15M
18,68,162,2024-10-09T07:00:00+00:00,PT15M
18,251,221,2024-10-09T07:15:00+00:00,PT15M
19,18,198,2024-10-09T07:30:00+00:00,PT15M
19,0,187,2024-10-09T07:45:00+00:00,PT15M
20,0,209,2024-10-09T08:00:00+00:00,PT15M
20,31,247,2024-10-09T08:15:00+00:00,PT15M
20,39,276,2024-10-09T08:30:00+00:00,PT15M
21,459,433,2024-10-09T08:45:00+00:00,PT15M
21,617,494,2024-10-09T09:00:00+00:00,PT15M
21,824,563,2024-10-09T09:15:00+00:00,PT15M
21,613,532,2024-10-09T09:30:00+00:00,PT15M
22,207,435,2024-10-09T09:45:00+00:00,PT15M
22,217,451,2024-10-09T10:00:00+00:00,PT15M
22,200,455,2024-10-09T10:15:00+00:00,PT15M
22,268,485,2024-10-09T10:30:00+00:00,PT15M
22,394,530,2024-10-09T10:45:00+00:00,PT15M
22,468,554,2024-10-09T11:00:00+00:00,PT15M
23,393,531,2024-10-09T11:15:00+00:00,PT15M
23,352,515,2024-10-09T11:30:00+00:00,PT15M
23,342,506,2024-10-09T11:45:00+00:00,PT15M
23,186,445,2024-10-09T12:00:00+00:00,PT15M
23,15,324,2024-10-09T12:15:00+00:00,PT15M
23,44,372,2024-10-09T12:30:00+00:00,PT15M
22,0,259,2024-10-09T12:45:00+00:00,PT15M
22,70,288,2024-10-09T13:00:00+00:00,PT15M
22,510,457,2024-10-09T13:15:00+00:00,PT15M
22,721,477,2024-10-09T13:30:00+00:00,PT15M
22,528,408,2024-10-09T13:45:00+00:00,PT15M
22,486,372,2024-10-09T14:00:00+00:00,PT15M
22,141,268,2024-10-09T14:15:00+00:00,PT15M
22,164,247,2024-10-09T14:30:00+00:00,PT15M
22,197,229,2024-10-09T14:45:00+00:00,PT15M
22,124,185,2024-10-09T15:00:00+00:00,PT15M
22,23,132,2024-10-09T15:15:00+00:00,PT15M
22,286,148,2024-10-09T15:30:00+00:00,PT15M
21,0,75,2024-10-09T15:45:00+00:00,PT15M
21,0,30,2024-10-09T16:00:00+00:00,PT15M
21,0,22,2024-10-09T16:15:00+00:00,PT15M
21,0,4,2024-10-09T16:30:00+00:00,PT15M
20,0,0,2024-10-09T16:45:00+00:00,PT15M
20,0,0,2024-10-09T17:00:00+00:00,PT15M
20,0,0,2024-10-09T17:15:00+00:00,PT15M
20,0,0,2024-10-09T17:30:00+00:00,PT15M
19,0,0,2024-10-09T17:45:00+00:00,PT15M
19,0,0,2024-10-09T18:00:00+00:00,PT15M
19,0,0,2024-10-09T18:15:00+00:00,PT15M
19,0,0,2024-10-09T18:30:00+00:00,PT15M
19,0,0,2024-10-09T18:45:00+00:00,PT15M
19,0,0,2024-10-09T19:00:00+00:00,PT15M
19,0,0,2024-10-09T19:15:00+00:00,PT15M
19,0,0,2024-10-09T19:30:00+00:00,PT15M
19,0,0,2024-10-09T19:45:00+00:00,PT15M
19,0,0,2024-10-09T20:00:00+00:00,PT15M
19,0,0,2024-10-09T20:15:00+00:00,PT15M
19,0,0,2024-10-09T20:30:00+00:00,PT15M
19,0,0,2024-10-09T20:45:00+00:00,PT15M
19,0,0,2024-10-09T21:00:00+00:00,PT15M
19,0,0,2024-10-09T21:15:00+00:00,PT15M
19,0,0,2024-10-09T21:30:00+00:00,PT15M
19,0,0,2024-10-09T21:45:00+00:00,PT15M
19,0,0,2024-10-09T22:00:00+00:00,PT15M
19,0,0,2024-10-09T22:15:00+00:00,PT15M
19,0,0,2024-10-09T22:30:00+00:00,PT15M
19,0,0,2024-10-09T22:45:00+00:00,PT15M
19,0,0,2024-10-09T23:00:00+00:00,PT15M
19,0,0,2024-10-09T23:15:00+00:00,PT15M
19,0,0,2024-10-09T23:30:00+00:00,PT15M
19,0,0,2024-10-09T23:45:00+00:00,PT15M
19,0,0,2024-10-10T00:00:00+00:00,PT15M
19,0,0,2024-10-10T00:15:00+00:00,PT15M
19,0,0,2024-10-10T00:30:00+00:00,PT15M
19,0,0,2024-10-10T00:45:00+00:00,PT15M
19,0,0,2024-10-10T01:00:00+00:00,PT15M
19,0,0,2024-10-10T01:15:00+00:00,PT15M
19,0,0,2024-10-10T01:30:00+00:00,PT15M
19,0,0,2024-10-10T01:45:00+00:00,PT15M
19,0,0,2024-10-10T02:00:00+00:00,PT15M
19,0,0,2024-10-10T02:15:00+00:00,PT15M
19,0,0,2024-10-10T02:30:00+00:00,PT15M
19,0,0,2024-10-10T02:45:00+00:00,PT15M
19,0,0,2024-10-10T03:00:00+00:00,PT15M
19,0,0,2024-10-10T03:15:00+00:00,PT15M
19,0,0,2024-10-10T03:30:00+00:00,PT15M
19,0,0,2024-10-10T03:45:00+00:00,PT15M
19,0,0,2024-10-10T04:00:00+00:00,PT15M
19,0,0,2024-10-10T04:15:00+00:00,PT15M
19,0,0,2024-10-10T04:30:00+00:00,PT15M
19,0,0,2024-10-10T04:45:00+00:00,PT15M
19,0,0,2024-10-10T05:00:00+00:00,PT15M
19,0,0,2024-10-10T05:15:00+00:00,PT15M
19,0,0,2024-10-10T05:30:00+00:00,PT15M
19,0,6,2024-10-10T05:45:00+00:00,PT15M
19,0,15,2024-10-10T06:00:00+00:00,PT15M
19,0,13,2024-10-10T06:15:00+00:00,PT15M
20,0,44,2024-10-10T06:30:00+00:00,PT15M
20,0,82,2024-10-10T06:45:00+00:00,PT15M
20,0,133,2024-10-10T07:00:00+00:00,PT15M
20,29,173,2024-10-10T07:15:00+00:00,PT15M
20,141,227,2024-10-10T07:30:00+00:00,PT15M
21,206,268,2024-10-10T07:45:00+00:00,PT15M
21,258,307,2024-10-10T08:00:00+00:00,PT15M
21,292,341,2024-10-10T08:15:00+00:00,PT15M
21,377,387,2024-10-10T08:30:00+00:00,PT15M
22,372,410,2024-10-10T08:45:00+00:00,PT15M
22,85,350,2024-10-10T09:00:00+00:00,PT15M
22,0,288,2024-10-10T09:15:00+00:00,PT15M
22,0,292,2024-10-10T09:30:00+00:00,PT15M
23,88,394,2024-10-10T09:45:00+00:00,PT15M
23,73,398,2024-10-10T10:00:00+00:00,PT15M
23,111,421,2024-10-10T10:15:00+00:00,PT15M
23,111,426,2024-10-10T10:30:00+00:00,PT15M
23,138,441,2024-10-10T10:45:00+00:00,PT15M
23,103,429,2024-10-10T11:00:00+00:00,PT15M
23,85,421,2024-10-10T11:15:00+00:00,PT15M
23,194,459,2024-10-10T11:30:00+00:00,PT15M
23,204,458,2024-10-10T11:45:00+00:00,PT15M
23,213,453,2024-10-10T12:00:00+00:00,PT15M
23,346,484,2024-10-10T12:15:00+00:00,PT15M
24,527,520,2024-10-10T12:30:00+00:00,PT15M
24,415,472,2024-10-10T12:45:00+00:00,PT15M
24,563,491,2024-10-10T13:00:00+00:00,PT15M
24,354,418,2024-10-10T13:15:00+00:00,PT15M
24,187,353,2024-10-10T13:30:00+00:00,PT15M
23,0,219,2024-10-10T13:45:00+00:00,PT15M
23,0,180,2024-10-10T14:00:00+00:00,PT15M
23,0,194,2024-10-10T14:15:00+00:00,PT15M
23,0,136,2024-10-10T14:30:00+00:00,PT15M
23,0,106,2024-10-10T14:45:00+00:00,PT15M
23,0,118,2024-10-10T15:00:00+00:00,PT15M
22,0,87,2024-10-10T15:15:00+00:00,PT15M
22,0,60,2024-10-10T15:30:00+00:00,PT15M
22,0,62,2024-10-10T15:45:00+00:00,PT15M
22,2,49,2024-10-10T16:00:00+00:00,PT15M
22,0,25,2024-10-10T16:15:00+00:00,PT15M
21,0,2,2024-10-10T16:30:00+00:00,PT15M
21,0,0,2024-10-10T16:45:00+00:00,PT15M
21,0,0,2024-10-10T17:00:00+00:00,PT15M
20,0,0,2024-10-10T17:15:00+00:00,PT15M
20,0,0,2024-10-10T17:30:00+00:00,PT15M
20,0,0,2024-10-10T17:45:00+00:00,PT15M
20,0,0,2024-10-10T18:00:00+00:00,PT15M
19,0,0,2024-10-10T18:15:00+00:00,PT15M
19,0,0,2024-10-10T18:30:00+00:00,PT15M
19,0,0,2024-10-10T18:45:00+00:00,PT15M
19,0,0,2024-10-10T19:00:00+00:00,PT15M
19,0,0,2024-10-10T19:15:00+00:00,PT15M
19,0,0,2024-10-10T19:30:00+00:00,PT15M
18,0,0,2024-10-10T19:45:00+00:00,PT15M
18,0,0,2024-10-10T20:00:00+00:00,PT15M
18,0,0,2024-10-10T20:15:00+00:00,PT15M
18,0,0,2024-10-10T20:30:00+00:00,PT15M
18,0,0,2024-10-10T20:45:00+00:00,PT15M
18,0,0,2024-10-10T21:00:00+00:00,PT15M
17,0,0,2024-10-10T21:15:00+00:00,PT15M
17,0,0,2024-10-10T21:30:00+00:00,PT15M
17,0,0,2024-10-10T21:45:00+00:00,PT15M
17,0,0,2024-10-10T22:00:00+00:00,PT15M
17,0,0,2024-10-10T22:15:00+00:00,PT15M
17,0,0,2024-10-10T22:30:00+00:00,PT15M
16,0,0,2024-10-10T22:45:00+00:00,PT15M
16,0,0,2024-10-10T23:00:00+00:00,PT15M
16,0,0,2024-10-10T23:15:00+00:00,PT15M
16,0,0,2024-10-10T23:30:00+00:00,PT15M
16,0,0,2024-10-10T23:45:00+00:00,PT15M
16,0,0,2024-10-11T00:00:00+00:00,PT15M
16,0,0,2024-10-11T00:15:00+00:00,PT15M
16,0,0,2024-10-11T00:30:00+00:00,PT15M
16,0,0,2024-10-11T00:45:00+00:00,PT15M
15,0,0,2024-10-11T01:00:00+00:00,PT15M
15,0,0,2024-10-11T01:15:00+00:00,PT15M
15,0,0,2024-10-11T01:30:00+00:00,PT15M
15,0,0,2024-10-11T01:45:00+00:00,PT15M
15,0,0,2024-10-11T02:00:00+00:00,PT15M
15,0,0,2024-10-11T02:15:00+00:00,PT15M
15,0,0,2024-10-11T02:30:00+00:00,PT15M
15,0,0,2024-10-11T02:45:00+00:00,PT15M
15,0,0,2024-10-11T03:00:00+00:00,PT15M
15,0,0,2024-10-11T03:15:00+00:00,PT15M
15,0,0,2024-10-11T03:30:00+00:00,PT15M
15,0,0,2024-10-11T03:45:00+00:00,PT15M
15,0,0,2024-10-11T04:00:00+00:00,PT15M
15,0,0,2024-10-11T04:15:00+00:00,PT15M
15,0,0,2024-10-11T04:30:00+00:00,PT15M
15,0,0,2024-10-11T04:45:00+00:00,PT15M
14,0,0,2024-10-11T05:00:00+00:00,PT15M
14,0,0,2024-10-11T05:15:00+00:00,PT15M
14,0,2,2024-10-11T05:30:00+00:00,PT15M
15,36,21,2024-10-11T05:45:00+00:00,PT15M
15,122,50,2024-10-11T06:00:00+00:00,PT15M
15,272,90,2024-10-11T06:15:00+00:00,PT15M
15,123,108,2024-10-11T06:30:00+00:00,PT15M
16,11,107,2024-10-11T06:45:00+00:00,PT15M
16,37,156,2024-10-11T07:00:00+00:00,PT15M
16,22,181,2024-10-11T07:15:00+00:00,PT15M
17,0,176,2024-10-11T07:30:00+00:00,PT15M
17,0,192,2024-10-11T07:45:00+00:00,PT15M
17,0,207,2024-10-11T08:00:00+00:00,PT15M
18,0,235,2024-10-11T08:15:00+00:00,PT15M
18,87,318,2024-10-11T08:30:00+00:00,PT15M
18,82,325,2024-10-11T08:45:00+00:00,PT15M
19,69,351,2024-10-11T09:00:00+00:00,PT15M
19,138,390,2024-10-11T09:15:00+00:00,PT15M
19,218,428,2024-10-11T09:30:00+00:00,PT15M
20,160,423,2024-10-11T09:45:00+00:00,PT15M
20,321,487,2024-10-11T10:00:00+00:00,PT15M
20,739,612,2024-10-11T10:15:00+00:00,PT15M
20,867,652,2024-10-11T10:30:00+00:00,PT15M
21,869,658,2024-10-11T10:45:00+00:00,PT15M
21,867,660,2024-10-11T11:00:00+00:00,PT15M
21,864,659,2024-10-11T11:15:00+00:00,PT15M
22,860,654,2024-10-11T11:30:00+00:00,PT15M
22,855,645,2024-10-11T11:45:00+00:00,PT15M
22,851,633,2024-10-11T12:00:00+00:00,PT15M
22,845,617,2024-10-11T12:15:00+00:00,PT15M
22,838,599,2024-10-11T12:30:00+00:00,PT15M
23,830,577,2024-10-11T12:45:00+00:00,PT15M
23,669,518,2024-10-11T13:00:00+00:00,PT15M
23,375,426,2024-10-11T13:15:00+00:00,PT15M
23,381,404,2024-10-11T13:30:00+00:00,PT15M
23,666,436,2024-10-11T13:45:00+00:00,PT15M
23,725,416,2024-10-11T14:00:00+00:00,PT15M
23,681,374,2024-10-11T14:15:00+00:00,PT15M
23,706,341,2024-10-11T14:30:00+00:00,PT15M
22,673,299,2024-10-11T14:45:00+00:00,PT15M
22,634,256,2024-10-11T15:00:00+00:00,PT15M
22,586,211,2024-10-11T15:15:00+00:00,PT15M
22,528,167,2024-10-11T15:30:00+00:00,PT15M
21,455,123,2024-10-11T15:45:00+00:00,PT15M
21,362,82,2024-10-11T16:00:00+00:00,PT15M
20,215,44,2024-10-11T16:15:00+00:00,PT15M
20,40,14,2024-10-11T16:30:00+00:00,PT15M
19,0,0,2024-10-11T16:45:00+00:00,PT15M
18,0,0,2024-10-11T17:00:00+00:00,PT15M
18,0,0,2024-10-11T17:15:00+00:00,PT15M
17,0,0,2024-10-11T17:30:00+00:00,PT15M
17,0,0,2024-10-11T17:45:00+00:00,PT15M
17,0,0,2024-10-11T18:00:00+00:00,PT15M
16,0,0,2024-10-11T18:15:00+00:00,PT15M
16,0,0,2024-10-11T18:30:00+00:00,PT15M
16,0,0,2024-10-11T18:45:00+00:00,PT15M
16,0,0,2024-10-11T19:00:00+00:00,PT15M
16,0,0,2024-10-11T19:15:00+00:00,PT15M
16,0,0,2024-10-11T19:30:00+00:00,PT15M
16,0,0,2024-10-11T19:45:00+00:00,PT15M
16,0,0,2024-10-11T20:00:00+00:00,PT15M
16,0,0,2024-10-11T20:15:00+00:00,PT15M
15,0,0,2024-10-11T20:30:00+00:00,PT15M
15,0,0,2024-10-11T20:45:00+00:00,PT15M
15,0,0,2024-10-11T21:00:00+00:00,PT15M
15,0,0,2024-10-11T21:15:00+00:00,PT15M
15,0,0,2024-10-11T21:30:00+00:00,PT15M
15,0,0,2024-10-11T21:45:00+00:00,PT15M
15,0,0,2024-10-11T22:00:00+00:00,PT15M
14,0,0,2024-10-11T22:15:00+00:00,PT15M
14,0,0,2024-10-11T22:30:00+00:00,PT15M
14,0,0,2024-10-11T22:45:00+00:00,PT15M
14,0,0,2024-10-11T23:00:00+00:00,PT15M
14,0,0,2024-10-11T23:15:00+00:00,PT15M
14,0,0,2024-10-11T23:30:00+00:00,PT15M
14,0,0,2024-10-11T23:45:00+00:00,PT15M
14,0,0,2024-10-12T00:00:00+00:00,PT15M
14,0,0,2024-10-12T00:15:00+00:00,PT15M
14,0,0,2024-10-12T00:30:00+00:00,PT15M
14,0,0,2024-10-12T00:45:00+00:00,PT15M
14,0,0,2024-10-12T01:00:00+00:00,PT15M
14,0,0,2024-10-12T01:15:00+00:00,PT15M
14,0,0,2024-10-12T01:30:00+00:00,PT15M
14,0,0,2024-10-12T01:45:00+00:00,PT15M
14,0,0,2024-10-12T02:00:00+00:00,PT15M
14,0,0,2024-10-12T02:15:00+00:00,PT15M
14,0,0,2024-10-12T02:30:00+00:00,PT15M
14,0,0,2024-10-12T02:45:00+00:00,PT15M
13,0,0,2024-10-12T03:00:00+00:00,PT15M
13,0,0,2024-10-12T03:15:00+00:00,PT15M
13,0,0,2024-10-12T03:30:00+00:00,PT15M
13,0,0,2024-10-12T03:45:00+00:00,PT15M
13,0,0,2024-10-12T04:00:00+00:00,PT15M
13,0,0,2024-10-12T04:15:00+00:00,PT15M
13,0,0,2024-10-12T04:30:00+00:00,PT15M
13,0,0,2024-10-12T04:45:00+00:00,PT15M
13,0,0,2024-10-12T05:00:00+00:00,PT15M
13,0,0,2024-10-12T05:15:00+00:00,PT15M
13,4,2,2024-10-12T05:30:00+00:00,PT15M
13,106,25,2024-10-12T05:45:00+00:00,PT15M
13,322,60,2024-10-12T06:00:00+00:00,PT15M
14,442,100,2024-10-12T06:15:00+00:00,PT15M
14,527,144,2024-10-12T06:30:00+00:00,PT15M
14,593,189,2024-10-12T06:45:00+00:00,PT15M
15,646,234,2024-10-12T07:00:00+00:00,PT15M
15,689,279,2024-10-12T07:15:00+00:00,PT15M
16,725,323,2024-10-12T07:30:00+00:00,PT15M
16,755,366,2024-10-12T07:45:00+00:00,PT15M
17,780,406,2024-10-12T08:00:00+00:00,PT15M
17,801,445,2024-10-12T08:15:00+00:00,PT15M
17,819,481,2024-10-12T08:30:00+00:00,PT15M
18,834,514,2024-10-12T08:45:00+00:00,PT15M
18,848,545,2024-10-12T09:00:00+00:00,PT15M
19,858,572,2024-10-12T09:15:00+00:00,PT15M
19,866,595,2024-10-12T09:30:00+00:00,PT15M
20,872,615,2024-10-12T09:45:00+00:00,PT15M
20,876,632,2024-10-12T10:00:00+00:00,PT15M
21,880,645,2024-10-12T10:15:00+00:00,PT15M
21,883,655,2024-10-12T10:30:00+00:00,PT15M
21,886,662,2024-10-12T10:45:00+00:00,PT15M
22,878,663,2024-10-12T11:00:00+00:00,PT15M
22,829,650,2024-10-12T11:15:00+00:00,PT15M
22,686,610,2024-10-12T11:30:00+00:00,PT15M
22,680,601,2024-10-12T11:45:00+00:00,PT15M
23,864,636,2024-10-12T12:00:00+00:00,PT15M
23,867,623,2024-10-12T12:15:00+00:00,PT15M
23,858,603,2024-10-12T12:30:00+00:00,PT15M
23,848,580,2024-10-12T12:45:00+00:00,PT15M
23,838,554,2024-10-12T13:00:00+00:00,PT15M
23,825,525,2024-10-12T13:15:00+00:00,PT15M
23,810,493,2024-10-12T13:30:00+00:00,PT15M
23,792,458,2024-10-12T13:45:00+00:00,PT15M
23,749,418,2024-10-12T14:00:00+00:00,PT15M
23,476,337,2024-10-12T14:15:00+00:00,PT15M
23,482,304,2024-10-12T14:30:00+00:00,PT15M
22,615,288,2024-10-12T14:45:00+00:00,PT15M
22,638,253,2024-10-12T15:00:00+00:00,PT15M
22,590,208,2024-10-12T15:15:00+00:00,PT15M
21,278,140,2024-10-12T15:30:00+00:00,PT15M
21,1,76,2024-10-12T15:45:00+00:00,PT15M
20,3,51,2024-10-12T16:00:00+00:00,PT15M
20,57,35,2024-10-12T16:15:00+00:00,PT15M
19,0,8,2024-10-12T16:30:00+00:00,PT15M
19,0,0,2024-10-12T16:45:00+00:00,PT15M
18,0,0,2024-10-12T17:00:00+00:00,PT15M
18,0,0,2024-10-12T17:15:00+00:00,PT15M
17,0,0,2024-10-12T17:30:00+00:00,PT15M
17,0,0,2024-10-12T17:45:00+00:00,PT15M
16,0,0,2024-10-12T18:00:00+00:00,PT15M
16,0,0,2024-10-12T18:15:00+00:00,PT15M
16,0,0,2024-10-12T18:30:00+00:00,PT15M
16,0,0,2024-10-12T18:45:00+00:00,PT15M
15,0,0,2024-10-12T19:00:00+00:00,PT15M
15,0,0,2024-10-12T19:15:00+00:00,PT15M
16,0,0,2024-10-12T19:30:00+00:00,PT15M
16,0,0,2024-10-12T19:45:00+00:00,PT15M
16,0,0,2024-10-12T20:00:00+00:00,PT15M
16,0,0,2024-10-12T20:15:00+00:00,PT15M
16,0,0,2024-10-12T20:30:00+00:00,PT15M
16,0,0,2024-10-12T20:45:00+00:00,PT15M
16,0,0,2024-10-12T21:00:00+00:00,PT15M
15,0,0,2024-10-12T21:15:00+00:00,PT15M
15,0,0,2024-10-12T21:30:00+00:00,PT15M
15,0,0,2024-10-12T21:45:00+00:00,PT15M
15,0,0,2024-10-12T22:00:00+00:00,PT15M
15,0,0,2024-10-12T22:15:00+00:00,PT15M
15,0,0,2024-10-12T22:30:00+00:00,PT15M
15,0,0,2024-10-12T22:45:00+00:00,PT15M
14,0,0,2024-10-12T23:00:00+00:00,PT15M
14,0,0,2024-10-12T23:15:00+00:00,PT15M
14,0,0,2024-10-12T23:30:00+00:00,PT15M
14,0,0,2024-10-12T23:45:00+00:00,PT15M
14,0,0,2024-10-13T00:00:00+00:00,PT15M
14,0,0,2024-10-13T00:15:00+00:00,PT15M
14,0,0,2024-10-13T00:30:00+00:00,PT15M
14,0,0,2024-10-13T00:45:00+00:00,PT15M
14,0,0,2024-10-13T01:00:00+00:00,PT15M
13,0,0,2024-10-13T01:15:00+00:00,PT15M
13,0,0,2024-10-13T01:30:00+00:00,PT15M
13,0,0,2024-10-13T01:45:00+00:00,PT15M
13,0,0,2024-10-13T02:00:00+00:00,PT15M
13,0,0,2024-10-13T02:15:00+00:00,PT15M
13,0,0,2024-10-13T02:30:00+00:00,PT15M
13,0,0,2024-10-13T02:45:00+00:00,PT15M
13,0,0,2024-10-13T03:00:00+00:00,PT15M
13,0,0,2024-10-13T03:15:00+00:00,PT15M
13,0,0,2024-10-13T03:30:00+00:00,PT15M
13,0,0,2024-10-13T03:45:00+00:00,PT15M
13,0,0,2024-10-13T04:00:00+00:00,PT15M
13,0,0,2024-10-13T04:15:00+00:00,PT15M
13,0,0,2024-10-13T04:30:00+00:00,PT15M
13,0,0,2024-10-13T04:45:00+00:00,PT15M
13,0,0,2024-10-13T05:00:00+00:00,PT15M
12,0,0,2024-10-13T05:15:00+00:00,PT15M
13,0,1,2024-10-13T05:30:00+00:00,PT15M
13,16,17,2024-10-13T05:45:00+00:00,PT15M
13,271,53,2024-10-13T06:00:00+00:00,PT15M
13,391,90,2024-10-13T06:15:00+00:00,PT15M
14,476,132,2024-10-13T06:30:00+00:00,PT15M
14,543,174,2024-10-13T06:45:00+00:00,PT15M
15,597,218,2024-10-13T07:00:00+00:00,PT15M
15,641,261,2024-10-13T07:15:00+00:00,PT15M
16,678,303,2024-10-13T07:30:00+00:00,PT15M
17,710,344,2024-10-13T07:45:00+00:00,PT15M
17,738,383,2024-10-13T08:00:00+00:00,PT15M
18,762,421,2024-10-13T08:15:00+00:00,PT15M
18,783,456,2024-10-13T08:30:00+00:00,PT15M
19,800,489,2024-10-13T08:45:00+00:00,PT15M
19,813,518,2024-10-13T09:00:00+00:00,PT15M
20,825,545,2024-10-13T09:15:00+00:00,PT15M
20,835,569,2024-10-13T09:30:00+00:00,PT15M
21,843,590,2024-10-13T09:45:00+00:00,PT15M
21,849,607,2024-10-13T10:00:00+00:00,PT15M
22,854,621,2024-10-13T10:15:00+00:00,PT15M
22,858,631,2024-10-13T10:30:00+00:00,PT15M
22,860,637,2024-10-13T10:45:00+00:00,PT15M
22,862,640,2024-10-13T11:00:00+00:00,PT15M
22,862,640,2024-10-13T11:15:00+00:00,PT15M
22,860,635,2024-10-13T11:30:00+00:00,PT15M
23,858,627,2024-10-13T11:45:00+00:00,PT15M
23,855,616,2024-10-13T12:00:00+00:00,PT15M
23,849,601,2024-10-13T12:15:00+00:00,PT15M
23,843,582,2024-10-13T12:30:00+00:00,PT15M
23,835,560,2024-10-13T12:45:00+00:00,PT15M
23,825,535,2024-10-13T13:00:00+00:00,PT15M
23,813,507,2024-10-13T13:15:00+00:00,PT15M
23,799,476,2024-10-13T13:30:00+00:00,PT15M
23,782,442,2024-10-13T13:45:00+00:00,PT15M
23,762,406,2024-10-13T14:00:00+00:00,PT15M
23,740,368,2024-10-13T14:15:00+00:00,PT15M
22,671,321,2024-10-13T14:30:00+00:00,PT15M
22,680,286,2024-10-13T14:45:00+00:00,PT15M
22,483,225,2024-10-13T15:00:00+00:00,PT15M
22,193,156,2024-10-13T15:15:00+00:00,PT15M
21,69,112,2024-10-13T15:30:00+00:00,PT15M
21,81,85,2024-10-13T15:45:00+00:00,PT15M
20,165,63,2024-10-13T16:00:00+00:00,PT15M
20,68,32,2024-10-13T16:15:00+00:00,PT15M
19,0,6,2024-10-13T16:30:00+00:00,PT15M
19,0,0,2024-10-13T16:45:00+00:00,PT15M
19,0,0,2024-10-13T17:00:00+00:00,PT15M
18,0,0,2024-10-13T17:15:00+00:00,PT15M
18,0,0,2024-10-13T17:30:00+00:00,PT15M
17,0,0,2024-10-13T17:45:00+00:00,PT15M
17,0,0,2024-10-13T18:00:00+00:00,PT15M
17,0,0,2024-10-13T18:15:00+00:00,PT15M
17,0,0,2024-10-13T18:30:00+00:00,PT15M
17,0,0,2024-10-13T18:45:00+00:00,PT15M
17,0,0,2024-10-13T19:00:00+00:00,PT15M
17,0,0,2024-10-13T19:15:00+00:00,PT15M
17,0,0,2024-10-13T19:30:00+00:00,PT15M
16,0,0,2024-10-13T19:45:00+00:00,PT15M
16,0,0,2024-10-13T20:00:00+00:00,PT15M
16,0,0,2024-10-13T20:15:00+00:00,PT15M
16,0,0,2024-10-13T20:30:00+00:00,PT15M
16,0,0,2024-10-13T20:45:00+00:00,PT15M
16,0,0,2024-10-13T21:00:00+00:00,PT15M
15,0,0,2024-10-13T21:15:00+00:00,PT15M
15,0,0,2024-10-13T21:30:00+00:00,PT15M
15,0,0,2024-10-13T21:45:00+00:00,PT15M
15,0,0,2024-10-13T22:00:00+00:00,PT15M
15,0,0,2024-10-13T22:15:00+00:00,PT15M
15,0,0,2024-10-13T22:30:00+00:00,PT15M
15,0,0,2024-10-13T22:45:00+00:00,PT15M
14,0,0,2024-10-13T23:00:00+00:00,PT15M
14,0,0,2024-10-13T23:15:00+00:00,PT15M
14,0,0,2024-10-13T23:30:00+00:00,PT15M
14,0,0,2024-10-13T23:45:00+00:00,PT15M
14,0,0,2024-10-14T00:00:00+00:00,PT15M
14,0,0,2024-10-14T00:15:00+00:00,PT15M
14,0,0,2024-10-14T00:30:00+00:00,PT15M
14,0,0,2024-10-14T00:45:00+00:00,PT15M
13,0,0,2024-10-14T01:00:00+00:00,PT15M
13,0,0,2024-10-14T01:15:00+00:00,PT15M
13,0,0,2024-10-14T01:30:00+00:00,PT15M
13,0,0,2024-10-14T01:45:00+00:00,PT15M
13,0,0,2024-10-14T02:00:00+00:00,PT15M
13,0,0,2024-10-14T02:15:00+00:00,PT15M
13,0,0,2024-10-14T02:30:00+00:00,PT15M
13,0,0,2024-10-14T02:45:00+00:00,PT15M
13,0,0,2024-10-14T03:00:00+00:00,PT15M
13,0,0,2024-10-14T03:15:00+00:00,PT15M
13,0,0,2024-10-14T03:30:00+00:00,PT15M
13,0,0,2024-10-14T03:45:00+00:00,PT15M
13,0,0,2024-10-14T04:00:00+00:00,PT15M
13,0,0,2024-10-14T04:15:00+00:00,PT15M
13,0,0,2024-10-14T04:30:00+00:00,PT15M
13,0,0,2024-10-14T04:45:00+00:00,PT15M
13,0,0,2024-10-14T05:00:00+00:00,PT15M
13,0,0,2024-10-14T05:15:00+00:00,PT15M
13,2,1,2024-10-14T05:30:00+00:00,PT15M
13,91,20,2024-10-14T05:45:00+00:00,PT15M
13,311,53,2024-10-14T06:00:00+00:00,PT15M
13,437,92,2024-10-14T06:15:00+00:00,PT15M
14,517,133,2024-10-14T06:30:00+00:00,PT15M
14,579,176,2024-10-14T06:45:00+00:00,PT15M
15,628,219,2024-10-14T07:00:00+00:00,PT15M
15,667,262,2024-10-14T07:15:00+00:00,PT15M
16,699,304,2024-10-14T07:30:00+00:00,PT15M
16,727,345,2024-10-14T07:45:00+00:00,PT15M
17,752,384,2024-10-14T08:00:00+00:00,PT15M
17,772,421,2024-10-14T08:15:00+00:00,PT15M
18,789,455,2024-10-14T08:30:00+00:00,PT15M
19,802,487,2024-10-14T08:45:00+00:00,PT15M
19,813,516,2024-10-14T09:00:00+00:00,PT15M
20,821,542,2024-10-14T09:15:00+00:00,PT15M
20,827,564,2024-10-14T09:30:00+00:00,PT15M
21,831,583,2024-10-14T09:45:00+00:00,PT15M
21,833,598,2024-10-14T10:00:00+00:00,PT15M
21,834,611,2024-10-14T10:15:00+00:00,PT15M
22,834,620,2024-10-14T10:30:00+00:00,PT15M
22,832,625,2024-10-14T10:45:00+00:00,PT15M
22,827,626,2024-10-14T11:00:00+00:00,PT15M
23,821,624,2024-10-14T11:15:00+00:00,PT15M
23,814,618,2024-10-14T11:30:00+00:00,PT15M
23,804,608,2024-10-14T11:45:00+00:00,PT15M
23,792,595,2024-10-14T12:00:00+00:00,PT15M
23,778,578,2024-10-14T12:15:00+00:00,PT15M
23,762,557,2024-10-14T12:30:00+00:00,PT15M
23,745,534,2024-10-14T12:45:00+00:00,PT15M
24,727,508,2024-10-14T13:00:00+00:00,PT15M
24,707,479,2024-10-14T13:15:00+00:00,PT15M
23,683,447,2024-10-14T13:30:00+00:00,PT15M
23,658,413,2024-10-14T13:45:00+00:00,PT15M
23,631,377,2024-10-14T14:00:00+00:00,PT15M
23,599,338,2024-10-14T14:15:00+00:00,PT15M
23,563,299,2024-10-14T14:30:00+00:00,PT15M
22,395,241,2024-10-14T14:45:00+00:00,PT15M
22,222,184,2024-10-14T15:00:00+00:00,PT15M
22,183,148,2024-10-14T15:15:00+00:00,PT15M
21,19,98,2024-10-14T15:30:00+00:00,PT15M
21,0,68,2024-10-14T15:45:00+00:00,PT15M
21,0,44,2024-10-14T16:00:00+00:00,PT15M
20,0,17,2024-10-14T16:15:00+00:00,PT15M
20,0,2,2024-10-14T16:30:00+00:00,PT15M
20,0,0,2024-10-14T16:45:00+00:00,PT15M
19,0,0,2024-10-14T17:00:00+00:00,PT15M
19,0,0,2024-10-14T17:15:00+00:00,PT15M
19,0,0,2024-10-14T17:30:00+00:00,PT15M
18,0,0,2024-10-14T17:45:00+00:00,PT15M
18,0,0,2024-10-14T18:00:00+00:00,PT15M
18,0,0,2024-10-14T18:15:00+00:00,PT15M
18,0,0,2024-10-14T18:30:00+00:00,PT15M
18,0,0,2024-10-14T18:45:00+00:00,PT15M
18,0,0,2024-10-14T19:00:00+00:00,PT15M
17,0,0,2024-10-14T19:15:00+00:00,PT15M
17,0,0,2024-10-14T19:30:00+00:00,PT15M
17,0,0,2024-10-14T19:45:00+00:00,PT15M
17,0,0,2024-10-14T20:00:00+00:00,PT15M
17,0,0,2024-10-14T20:15:00+00:00,PT15M
17,0,0,2024-10-14T20:30:00+00:00,PT15M
17,0,0,2024-10-14T20:45:00+00:00,PT15M
17,0,0,2024-10-14T21:00:00+00:00,PT15M
17,0,0,2024-10-14T21:15:00+00:00,PT15M
17,0,0,2024-10-14T21:30:00+00:00,PT15M
17,0,0,2024-10-14T21:45:00+00:00,PT15M
17,0,0,2024-10-14T22:00:00+00:00,PT15M
17,0,0,2024-10-14T22:15:00+00:00,PT15M
17,0,0,2024-10-14T22:30:00+00:00,PT15M
17,0,0,2024-10-14T22:45:00+00:00,PT15M
17,0,0,2024-10-14T23:00:00+00:00,PT15M
17,0,0,2024-10-14T23:15:00+00:00,PT15M
16,0,0,2024-10-14T23:30:00+00:00,PT15M
16,0,0,2024-10-14T23:45:00+00:00,PT15M
