date,off_impact,on_impact,weekend_impact,building_name
2024-01-01,21.217414417045212,78.7825855829548,,DU_1
2024-01-02,17.1803052177183,82.8196947822817,,DU_1
2024-01-06,55.864284685482225,44.13571531451778,44.13571531451778,DU_1
2024-01-08,29.341203263003408,70.65879673699659,,DU_1
2024-01-10,15.86979287151536,84.13020712848464,,DU_1
2024-01-11,17.64342390350858,82.3565760964914,,DU_1
2024-01-12,25.364547102627622,74.63545289737237,,DU_1
2024-01-13,22.6526788027188,77.34732119728119,77.34732119728119,DU_1
2024-01-14,36.8166826250133,63.18331737498668,63.18331737498668,DU_1
2024-01-15,63.37702773121724,36.62297226878279,,DU_1
2024-01-16,22.132170519885012,77.86782948011496,,DU_1
2024-01-17,71.20654894841985,28.793451051580156,,DU_1
2024-01-18,55.419766676114754,44.58023332388527,,DU_1
2024-01-19,42.339682964752114,57.66031703524788,,DU_1
2024-01-20,61.902711155680144,38.09728884431986,38.09728884431986,DU_1
2024-01-22,50.336251889991466,49.66374811000853,,DU_1
2024-01-24,31.06311032475977,68.93688967524022,,DU_1
2024-01-27,37.12364518367634,62.876354816323655,62.876354816323655,DU_1
2024-01-28,16.33506172013159,83.66493827986841,83.66493827986841,DU_1
2024-01-29,43.478443717514494,56.521556282485506,,DU_1
2024-01-31,7.654329374142136,92.34567062585785,,DU_1
2024-02-21,30.838656192395508,69.16134380760448,,DU_1
2024-02-24,15.653938248453766,84.34606175154623,84.34606175154623,DU_1
2024-02-26,36.943365977139536,63.05663402286048,,DU_1
2024-02-27,13.83673117807519,86.16326882192482,,DU_1
2024-03-01,12.355153633528007,87.64484636647201,,DU_1
2024-03-02,48.32578412119258,51.67421587880744,51.67421587880744,DU_1
2024-03-03,21.92845161808509,78.07154838191491,78.07154838191491,DU_1
2024-03-04,12.073387494780203,87.92661250521981,,DU_1
2024-03-05,20.469787138809803,79.5302128611902,,DU_1
2024-03-06,16.713137336057095,83.2868626639429,,DU_1
2024-03-07,34.31237141070904,65.68762858929095,,DU_1
2024-03-08,26.067517307768746,73.93248269223126,,DU_1
2024-03-09,25.69114414320109,74.3088558567989,74.3088558567989,DU_1
2024-03-10,12.869358058648345,87.13064194135163,87.13064194135163,DU_1
2024-03-12,17.486525596708677,82.51347440329131,,DU_1
2024-03-13,23.880481421791945,76.11951857820804,,DU_1
2024-03-14,30.109361386955065,69.89063861304493,,DU_1
2024-03-16,49.341679472066964,50.65832052793304,50.65832052793304,DU_1
2024-03-17,40.018580576778085,59.981419423221915,59.981419423221915,DU_1
2024-03-18,18.66862030577441,81.33137969422557,,DU_1
2024-03-19,31.849662432776277,68.15033756722372,,DU_1
2024-03-20,47.072799149973434,52.927200850026566,,DU_1
2024-03-21,37.00956889786028,62.99043110213972,,DU_1
2024-03-22,75.22101428463574,24.77898571536425,,DU_1
2024-03-23,76.773246343031,23.226753656969,23.226753656969,DU_1
2024-03-24,61.492789423428164,38.50721057657184,38.50721057657184,DU_1
2024-03-25,27.38603233062784,72.61396766937214,,DU_1
2024-03-26,58.61397279224375,41.38602720775627,,DU_1
2024-03-27,58.527968874550986,41.47203112544902,,DU_1
2024-03-28,27.34467480776624,72.65532519223376,,DU_1
2024-03-29,69.30502478460234,30.69497521539768,,DU_1
2024-03-30,39.371774060148,60.62822593985201,60.62822593985201,DU_1
2024-03-31,59.29236608535692,40.70763391464308,40.70763391464308,DU_1
2024-04-01,40.43547287213971,59.56452712786029,,DU_1
2024-04-03,25.81896672074095,74.18103327925904,,DU_1
2024-04-04,53.02298381404075,46.97701618595925,,DU_1
2024-04-05,77.32958419909515,22.670415800904863,,DU_1
2024-04-07,45.124428308274396,54.8755716917256,54.8755716917256,DU_1
2024-04-09,69.95504576174173,30.04495423825827,,DU_1
2024-04-10,85.29926437149481,14.700735628505182,,DU_1
2024-04-11,83.02644599991474,16.973554000085255,,DU_1
2024-04-12,88.62574579765382,11.37425420234619,,DU_1
2024-04-13,64.2452401868732,35.75475981312679,35.75475981312679,DU_1
2024-04-14,69.85489862473135,30.145101375268652,30.145101375268652,DU_1
2024-04-15,77.080215415231,22.919784584768994,,DU_1
2024-04-16,77.46173598714016,22.538264012859866,,DU_1
2024-04-17,46.22134569927422,53.77865430072579,,DU_1
2024-04-18,31.472446917413926,68.52755308258608,,DU_1
2024-04-19,14.00856851313522,85.99143148686478,,DU_1
2024-04-20,24.391770718200576,75.60822928179944,75.60822928179944,DU_1
2024-04-21,35.512444636860096,64.4875553631399,64.4875553631399,DU_1
2024-04-22,20.535025713438927,79.46497428656107,,DU_1
2024-04-23,28.560038118471542,71.43996188152848,,DU_1
2024-04-24,6.8802380842068755,93.11976191579312,,DU_1
2024-04-26,24.0289512751943,75.97104872480568,,DU_1
2024-04-27,51.85219505919576,48.14780494080423,48.14780494080423,DU_1
2024-04-28,89.56229697249104,10.437703027508958,10.437703027508958,DU_1
2024-04-29,93.5471714564362,6.4528285435638,,DU_1
2024-04-30,63.26446767583205,36.73553232416798,,DU_1
2024-05-01,51.79336415723318,48.20663584276683,,DU_1
2024-05-02,34.49144185309452,65.50855814690547,,DU_1
2024-05-03,50.61030613316091,49.38969386683909,,DU_1
2024-05-04,69.0686687684073,30.9313312315927,30.9313312315927,DU_1
2024-05-05,50.95731779833862,49.042682201661385,49.042682201661385,DU_1
2024-05-06,94.00696669875809,5.993033301241923,,DU_1
2024-05-07,82.7242112090209,17.275788790979103,,DU_1
2024-05-09,72.04580205675755,27.95419794324246,,DU_1
2024-05-10,53.210186434987264,46.78981356501272,,DU_1
2024-05-11,65.41443735646686,34.58556264353312,34.58556264353312,DU_1
2024-05-13,74.84214417329541,25.1578558267046,,DU_1
2024-05-14,74.29286739299988,25.707132607000105,,DU_1
2024-05-16,48.96973970504154,51.03026029495845,,DU_1
2024-05-17,81.90948647111821,18.090513528881797,,DU_1
2024-05-18,55.2984203202912,44.70157967970879,44.70157967970879,DU_1
2024-05-19,66.64136972957814,33.358630270421855,33.358630270421855,DU_1
2024-05-20,91.48115973407089,8.51884026592914,,DU_1
2024-05-22,57.82816298372676,42.171837016273244,,DU_1
2024-05-23,74.4660954543576,25.533904545642404,,DU_1
2024-05-24,91.7261972941085,8.273802705891493,,DU_1
2024-05-25,57.87548058177413,42.12451941822588,42.12451941822588,DU_1
2024-05-27,63.70182241464869,36.29817758535132,,DU_1
2024-05-28,83.58362183614932,16.416378163850702,,DU_1
2024-05-29,59.45495129786183,40.54504870213815,,DU_1
2024-05-30,59.89277822720902,40.10722177279098,,DU_1
2024-05-31,59.10753427531951,40.89246572468049,,DU_1
2024-06-01,88.46424828399894,11.535751716001096,11.535751716001096,DU_1
2024-06-02,51.51457082120439,48.48542917879561,48.48542917879561,DU_1
2024-06-03,82.029792935237,17.970207064763,,DU_1
2024-06-04,70.32938751758486,29.670612482415155,,DU_1
2024-06-05,78.83498701838543,21.165012981614563,,DU_1
2024-06-06,63.431103854174886,36.56889614582511,,DU_1
2024-06-08,68.1285160949505,31.87148390504951,31.87148390504951,DU_1
2024-06-09,72.41032525203065,27.58967474796935,27.58967474796935,DU_1
2024-06-10,72.22580662416448,27.774193375835527,,DU_1
2024-06-11,71.85291459909389,28.147085400906114,,DU_1
2024-06-12,39.199473891954,60.80052610804601,,DU_1
2024-06-13,70.73349280225953,29.266507197740466,,DU_1
2024-06-14,86.74333879935347,13.256661200646535,,DU_1
2024-06-15,70.31988353159016,29.68011646840984,29.68011646840984,DU_1
2024-06-16,62.511720691102305,37.488279308897695,37.488279308897695,DU_1
2024-06-17,62.984092410048994,37.015907589951,,DU_1
2024-06-18,81.17901080455584,18.82098919544413,,DU_1
2024-06-20,70.00675549270626,29.993244507293724,,DU_1
2024-06-21,73.96276903065888,26.037230969341124,,DU_1
2024-06-22,65.60895712964539,34.39104287035461,34.39104287035461,DU_1
2024-06-23,51.13623495115925,48.863765048840754,48.863765048840754,DU_1
2024-06-25,80.57818017136229,19.421819828637723,,DU_1
2024-06-26,88.74284172217803,11.257158277821983,,DU_1
2024-06-27,72.57048775941517,27.429512240584813,,DU_1
2024-06-28,82.19437550050887,17.80562449949113,,DU_1
2024-06-29,36.686698470583515,63.31330152941648,63.31330152941648,DU_1
2024-06-30,45.941070114026786,54.05892988597321,54.05892988597321,DU_1
2024-07-01,64.91127249468404,35.088727505315966,,DU_1
2024-07-02,74.74030710101633,25.259692898983666,,DU_1
2024-07-03,84.5984079837181,15.401592016281896,,DU_1
2024-07-04,87.36851101688373,12.631488983116268,,DU_1
2024-07-07,23.91395650986972,76.08604349013028,76.08604349013028,DU_1
2024-07-08,18.982396567677124,81.01760343232287,,DU_1
2024-07-09,21.898260914508988,78.10173908549103,,DU_1
2024-07-10,19.653114909768345,80.34688509023164,,DU_1
2024-07-11,24.610382244714195,75.38961775528581,,DU_1
2024-07-12,27.56716046914345,72.43283953085654,,DU_1
2024-07-14,21.608664126380706,78.39133587361928,78.39133587361928,DU_1
2024-07-15,15.740370308447666,84.25962969155233,,DU_1
2024-07-16,20.59595962790285,79.40404037209716,,DU_1
2024-07-17,9.014829632951894,90.98517036704811,,DU_1
2024-07-18,0.0,100.0,,DU_1
2024-07-20,17.73426913610796,82.26573086389205,82.26573086389205,DU_1
2024-07-21,14.526965948324733,85.47303405167528,85.47303405167528,DU_1
2024-09-05,11.191903458820466,88.80809654117952,,DU_1
2024-09-06,24.94021117532652,75.05978882467348,,DU_1
2024-09-07,26.75990177469319,73.24009822530681,73.24009822530681,DU_1
2024-09-09,23.85934783972993,76.14065216027008,,DU_1
2024-09-10,32.67185424979812,67.32814575020188,,DU_1
2024-09-11,10.431021665913342,89.56897833408665,,DU_1
2024-09-12,18.481933114132307,81.51806688586767,,DU_1
2024-09-13,24.791072371157814,75.20892762884219,,DU_1
2024-09-14,25.921587301844827,74.07841269815516,74.07841269815516,DU_1
2024-09-15,16.510823669536208,83.4891763304638,83.4891763304638,DU_1
2024-09-16,20.277067788342258,79.72293221165774,,DU_1
2024-09-17,35.97720975297645,64.02279024702355,,DU_1
2024-09-18,34.89548965785307,65.10451034214692,,DU_1
2024-09-19,38.44330015320645,61.55669984679355,,DU_1
2024-09-20,39.44655819997715,60.553441800022846,,DU_1
2024-09-21,58.550179912864984,41.44982008713501,41.44982008713501,DU_1
2024-09-22,31.387239641736663,68.61276035826333,68.61276035826333,DU_1
2024-09-23,22.710388763238733,77.28961123676126,,DU_1
2024-09-24,25.643665159541584,74.35633484045842,,DU_1
2024-09-25,19.179029319940252,80.82097068005973,,DU_1
2024-09-26,34.55535228267889,65.44464771732112,,DU_1
2024-09-27,18.701215828456156,81.29878417154384,,DU_1
2024-09-28,43.599499900018444,56.400500099981556,56.400500099981556,DU_1
2024-09-29,43.39081921184286,56.60918078815713,56.60918078815713,DU_1
2024-09-30,44.8357282348597,55.16427176514029,,DU_1
2024-10-01,31.51561857280386,68.48438142719615,,DU_1
2024-10-02,32.772298924489775,67.22770107551023,,DU_1
2024-10-03,35.65881142399892,64.34118857600107,,DU_1
2024-10-04,24.472236474646554,75.52776352535345,,DU_1
2024-10-05,43.018109452531185,56.98189054746883,56.98189054746883,DU_1
2024-10-06,47.52575036025225,52.47424963974774,52.47424963974774,DU_1
2024-10-07,70.1385611581627,29.861438841837302,,DU_1
2024-10-08,55.15102556796493,44.84897443203507,,DU_1
2024-10-09,34.56866364182777,65.43133635817223,,DU_1
2024-10-10,57.14753054909967,42.852469450900315,,DU_1
2024-10-11,41.88890711620453,58.11109288379548,,DU_1
2024-10-12,43.56718852684171,56.43281147315828,56.43281147315828,DU_1
2024-10-14,37.56154243018916,62.43845756981086,,DU_1
2024-02-20,31.703890803467516,68.29610919653247,,DU_2
2024-02-21,47.82919846912063,52.17080153087937,,DU_2
2024-02-23,34.83695525094961,65.16304474905039,,DU_2
2024-02-24,33.98142056179548,66.01857943820451,66.01857943820451,DU_2
2024-02-25,41.982663308892256,58.01733669110774,58.01733669110774,DU_2
2024-02-26,38.27467741573261,61.725322584267396,,DU_2
2024-02-27,27.181688381264173,72.81831161873585,,DU_2
2024-02-28,39.695221934883875,60.30477806511614,,DU_2
2024-02-29,37.85521033226983,62.14478966773016,,DU_2
2024-03-01,44.55000125844683,55.449998741553166,,DU_2
2024-03-02,34.94274140728443,65.05725859271557,65.05725859271557,DU_2
2024-03-03,40.25703882700364,59.74296117299637,59.74296117299637,DU_2
2024-03-04,43.087498945296275,56.912501054703725,,DU_2
2024-03-05,47.44326837312761,52.55673162687239,,DU_2
2024-03-06,51.25103282514206,48.74896717485793,,DU_2
2024-03-07,42.384143281671385,57.615856718328615,,DU_2
2024-03-08,42.151697679908196,57.848302320091804,,DU_2
2024-03-09,27.312610013034426,72.68738998696558,72.68738998696558,DU_2
2024-03-10,43.00664634576149,56.99335365423851,56.99335365423851,DU_2
2024-03-11,33.13726572727661,66.8627342727234,,DU_2
2024-03-12,41.12008403017447,58.879915969825525,,DU_2
2024-03-13,50.78947678737781,49.2105232126222,,DU_2
2024-03-14,40.01376583568703,59.98623416431297,,DU_2
2024-03-15,29.96072813657707,70.03927186342291,,DU_2
2024-03-16,42.770249386915395,57.22975061308462,57.22975061308462,DU_2
2024-03-17,27.706582497064712,72.29341750293526,72.29341750293526,DU_2
2024-03-18,36.6045256283017,63.39547437169829,,DU_2
2024-03-19,53.05113610285041,46.94886389714959,,DU_2
2024-03-20,36.90130252227961,63.0986974777204,,DU_2
2024-03-21,33.52828323022971,66.47171676977027,,DU_2
2024-03-22,33.73665564478034,66.26334435521966,,DU_2
2024-03-23,40.71585545837568,59.28414454162433,59.28414454162433,DU_2
2024-03-24,39.96389764265923,60.03610235734078,60.03610235734078,DU_2
2024-03-25,52.9214902809969,47.078509719003094,,DU_2
2024-03-26,30.372133871085406,69.62786612891459,,DU_2
2024-03-27,30.318269311956303,69.68173068804369,,DU_2
2024-03-28,46.552441595251466,53.44755840474854,,DU_2
2024-03-29,51.28899751483908,48.71100248516091,,DU_2
2024-03-30,36.03017383425952,63.969826165740464,63.969826165740464,DU_2
2024-03-31,56.013590531156474,43.986409468843554,43.986409468843554,DU_2
2024-04-01,51.76549190404893,48.23450809595107,,DU_2
2024-04-02,52.73292801989592,47.26707198010408,,DU_2
2024-04-06,46.08453757601702,53.91546242398297,53.91546242398297,DU_2
2024-04-07,39.48282407539327,60.51717592460676,60.51717592460676,DU_2
2024-04-08,39.16463382450472,60.83536617549529,,DU_2
2024-04-09,29.362058081102305,70.6379419188977,,DU_2
2024-04-10,41.34072587596803,58.65927412403199,,DU_2
2024-04-11,47.359723633259584,52.640276366740416,,DU_2
2024-04-12,36.50612126476207,63.49387873523793,,DU_2
2024-04-13,31.797150408275233,68.20284959172476,68.20284959172476,DU_2
2024-04-14,49.16938185751404,50.83061814248595,50.83061814248595,DU_2
2024-04-15,44.85265700267896,55.14734299732103,,DU_2
2024-04-16,59.52153446216539,40.47846553783461,,DU_2
2024-04-17,47.439581653277955,52.560418346722045,,DU_2
2024-04-18,35.11306410214061,64.88693589785937,,DU_2
2024-04-19,46.58328692955924,53.41671307044075,,DU_2
2024-04-20,40.8509840735711,59.149015926428895,59.149015926428895,DU_2
2024-04-21,54.53961849039762,45.460381509602385,45.460381509602385,DU_2
2024-04-22,45.7946342755144,54.20536572448557,,DU_2
2024-04-23,47.22395169849858,52.77604830150141,,DU_2
2024-04-24,43.74705162795845,56.252948372041566,,DU_2
2024-04-25,48.02076164075423,51.97923835924576,,DU_2
2024-04-26,64.5196517636068,35.48034823639321,,DU_2
2024-04-27,48.71163906593734,51.28836093406265,51.28836093406265,DU_2
2024-04-28,40.25040226531576,59.749597734684244,59.749597734684244,DU_2
2024-04-29,44.513526015462936,55.48647398453708,,DU_2
2024-04-30,47.526911461184376,52.473088538815624,,DU_2
2024-05-01,41.76301000805459,58.23698999194541,,DU_2
2024-05-02,46.31899121536782,53.681008784632176,,DU_2
2024-05-03,49.668199219067375,50.33180078093263,,DU_2
2024-05-04,33.44776519354233,66.55223480645768,66.55223480645768,DU_2
2024-05-05,39.458998156471125,60.541001843528875,60.541001843528875,DU_2
2024-05-06,43.44065114776944,56.55934885223056,,DU_2
2024-05-07,29.373929689617196,70.6260703103828,,DU_2
2024-05-08,51.519328541985644,48.48067145801434,,DU_2
2024-05-09,37.98400355289578,62.01599644710423,,DU_2
2024-05-10,35.95318808442842,64.0468119155716,,DU_2
2024-05-11,43.54239645187607,56.457603548123934,56.457603548123934,DU_2
2024-05-12,67.37783500119454,32.622164998805445,32.622164998805445,DU_2
2024-05-13,52.29532796462999,47.70467203537,,DU_2
2024-05-14,33.49929292360848,66.50070707639152,,DU_2
2024-05-15,51.56383681154239,48.43616318845762,,DU_2
2024-05-16,38.3263617726642,61.67363822733579,,DU_2
2024-05-17,47.99071565017273,52.009284349827276,,DU_2
2024-05-18,52.606898941395805,47.39310105860419,47.39310105860419,DU_2
2024-05-19,42.92352526304319,57.07647473695682,57.07647473695682,DU_2
2024-05-20,42.37062588067165,57.62937411932836,,DU_2
2024-05-21,51.71140664782781,48.288593352172185,,DU_2
2024-05-22,49.799490187037556,50.20050981296244,,DU_2
2024-05-23,47.97210540356418,52.02789459643583,,DU_2
2024-05-24,27.892755135176305,72.10724486482368,,DU_2
2024-05-25,59.74432783934825,40.25567216065175,40.25567216065175,DU_2
2024-05-26,24.2807591455264,75.71924085447361,75.71924085447361,DU_2
2024-05-27,49.152625382890996,50.84737461710902,,DU_2
2024-05-28,31.09838925052028,68.90161074947969,,DU_2
2024-05-29,47.24345540713312,52.756544592866874,,DU_2
2024-05-30,33.02130738019048,66.97869261980954,,DU_2
2024-05-31,30.743327076397037,69.25667292360295,,DU_2
2024-06-01,38.81251833307647,61.187481666923546,61.187481666923546,DU_2
2024-06-02,34.17444724431833,65.82555275568166,65.82555275568166,DU_2
2024-06-03,42.885431296075126,57.114568703924874,,DU_2
2024-06-04,28.98796168984242,71.01203831015755,,DU_2
2024-06-05,32.674391618950104,67.32560838104989,,DU_2
2024-06-06,36.462309906752616,63.53769009324741,,DU_2
2024-06-07,23.809348856510468,76.19065114348955,,DU_2
2024-06-08,24.867930058035846,75.13206994196416,75.13206994196416,DU_2
2024-06-09,8.634343343891665,91.36565665610833,91.36565665610833,DU_2
2024-06-10,43.322934626281885,56.677065373718115,,DU_2
2024-06-11,30.327716058000547,69.67228394199945,,DU_2
2024-06-12,42.66913245519575,57.330867544804235,,DU_2
2024-06-13,42.02681827702993,57.97318172297008,,DU_2
2024-06-14,36.99432938894698,63.00567061105302,,DU_2
2024-06-15,39.44456947000281,60.55543052999717,60.55543052999717,DU_2
2024-06-16,42.113793186776945,57.886206813223076,57.886206813223076,DU_2
2024-06-17,40.8715007599432,59.1284992400568,,DU_2
2024-06-18,40.85278567141111,59.147214328588895,,DU_2
2024-06-19,51.70668079359694,48.293319206403076,,DU_2
2024-06-20,38.822482512375835,61.177517487624165,,DU_2
2024-06-21,38.36518668591894,61.63481331408106,,DU_2
2024-06-22,52.67451979415463,47.32548020584536,47.32548020584536,DU_2
2024-06-23,41.65227678815943,58.34772321184055,58.34772321184055,DU_2
2024-06-25,42.23091784587788,57.76908215412212,,DU_2
2024-06-26,69.75550500336291,30.244494996637105,,DU_2
2024-06-27,75.75392644669557,24.246073553304416,,DU_2
2024-06-28,60.146634094623316,39.853365905376684,,DU_2
2024-07-01,62.519493427077556,37.48050657292246,,DU_2
2024-07-02,83.4239145356224,16.57608546437759,,DU_2
2024-07-03,60.46249526955876,39.53750473044125,,DU_2
2024-01-13,59.61260786811563,40.38739213188436,40.38739213188436,DU_4
2024-01-14,29.628935817513387,70.37106418248662,70.37106418248662,DU_4
2024-01-15,43.85988654824278,56.14011345175724,,DU_4
2024-01-16,60.35607791257143,39.64392208742857,,DU_4
2024-01-17,42.61003522943355,57.38996477056645,,DU_4
2024-01-18,47.569759920795136,52.43024007920485,,DU_4
2024-01-19,45.58192662440182,54.41807337559818,,DU_4
2024-01-20,44.24229651664911,55.757703483350895,55.757703483350895,DU_4
2024-01-21,41.1131300573543,58.8868699426457,58.8868699426457,DU_4
2024-01-22,62.61779862107316,37.382201378926865,,DU_4
2024-01-23,86.39556828091057,13.604431719089435,,DU_4
2024-01-24,64.42489946117705,35.575100538822944,,DU_4
2024-01-25,90.01597320223934,9.984026797760649,,DU_4
2024-01-27,43.65471385116885,56.34528614883115,56.34528614883115,DU_4
2024-01-28,34.28318631376056,65.71681368623945,65.71681368623945,DU_4
2024-01-29,66.84509923571348,33.15490076428654,,DU_4
2024-01-30,66.58722107654154,33.412778923458454,,DU_4
2024-01-31,77.96387410038675,22.03612589961325,,DU_4
2024-02-01,76.52229478135021,23.477705218649803,,DU_4
2024-02-06,31.828274282358464,68.17172571764154,,DU_4
2024-02-08,63.555162735491635,36.44483726450836,,DU_4
2024-02-09,54.46350393321821,45.536496066781794,,DU_4
2024-02-10,33.78000846664953,66.21999153335048,66.21999153335048,DU_4
2024-02-11,29.311516488636723,70.68848351136327,70.68848351136327,DU_4
2024-02-12,57.78001243780355,42.219987562196444,,DU_4
2024-02-13,50.658120648843116,49.34187935115689,,DU_4
2024-02-14,48.9879733885184,51.01202661148157,,DU_4
2024-02-23,43.78214750590625,56.217852494093755,,DU_4
2024-02-24,49.10244807859899,50.89755192140102,50.89755192140102,DU_4
2024-02-26,34.08409359699076,65.91590640300925,,DU_4
2024-02-29,62.88020319787766,37.11979680212235,,DU_4
2024-03-01,46.86845976094056,53.13154023905945,,DU_4
2024-03-02,29.37930920625023,70.62069079374977,70.62069079374977,DU_4
2024-03-03,41.185351619217414,58.814648380782586,58.814648380782586,DU_4
2024-03-04,19.138484199164203,80.86151580083579,,DU_4
2024-03-05,73.7444472844704,26.255552715529596,,DU_4
2024-03-06,62.193699504523046,37.80630049547696,,DU_4
2024-03-07,48.16784605573719,51.83215394426279,,DU_4
2024-03-10,40.25287921921483,59.74712078078518,59.74712078078518,DU_4
2024-03-11,46.40171431032368,53.59828568967633,,DU_4
2024-03-13,55.810480971395606,44.1895190286044,,DU_4
2024-03-14,66.54082955783748,33.459170442162524,,DU_4
2024-03-15,23.3533329030012,76.64666709699881,,DU_4
2024-03-17,44.78945880388525,55.21054119611475,55.21054119611475,DU_4
2024-03-18,36.99276325763527,63.007236742364725,,DU_4
2024-03-19,54.128052100129764,45.87194789987025,,DU_4
2024-03-20,55.34529640531044,44.654703594689586,,DU_4
2024-03-21,56.071231781819506,43.928768218180494,,DU_4
2024-03-22,58.00561241078813,41.99438758921187,,DU_4
2024-03-23,48.589482562477386,51.41051743752259,51.41051743752259,DU_4
2024-03-24,58.13780154181221,41.86219845818779,41.86219845818779,DU_4
2024-03-25,42.533249790414764,57.46675020958523,,DU_4
2024-03-26,41.619646248625465,58.38035375137456,,DU_4
2024-03-27,43.764317814148,56.235682185852006,,DU_4
2024-03-29,43.70614030494727,56.29385969505273,,DU_4
2024-03-30,33.21642266858376,66.78357733141624,66.78357733141624,DU_4
2024-04-01,30.272271468304524,69.72772853169549,,DU_4
2024-04-02,38.610599028375375,61.38940097162463,,DU_4
2024-04-03,27.62065002418279,72.37934997581719,,DU_4
2024-04-04,56.97337117644897,43.02662882355103,,DU_4
2024-04-05,47.66649239620563,52.33350760379435,,DU_4
2024-04-06,51.06339367384288,48.936606326157126,48.936606326157126,DU_4
2024-04-07,64.85560638627068,35.14439361372931,35.14439361372931,DU_4
2024-04-08,57.69408467835271,42.305915321647284,,DU_4
2024-04-09,31.25202329911557,68.74797670088445,,DU_4
2024-04-10,70.66384693496579,29.33615306503421,,DU_4
2024-04-11,25.634150276618634,74.36584972338139,,DU_4
2024-04-16,58.08729376239914,41.91270623760086,,DU_4
2024-04-17,53.123743505405386,46.87625649459461,,DU_4
2024-04-18,37.44373610358802,62.556263896411956,,DU_4
2024-04-19,39.428062399995326,60.57193760000465,,DU_4
2024-04-20,45.682537961398666,54.31746203860134,54.31746203860134,DU_4
2024-04-22,20.188863331556963,79.81113666844304,,DU_4
2024-04-23,63.97225228050344,36.027747719496574,,DU_4
2024-04-24,25.774529584885812,74.22547041511419,,DU_4
2024-04-25,20.338975832839292,79.66102416716069,,DU_4
2024-04-26,55.67152068508631,44.3284793149137,,DU_4
2024-04-29,69.39816084705255,30.60183915294746,,DU_4
2024-04-30,38.118427863582255,61.88157213641773,,DU_4
2024-05-03,48.981201508984086,51.01879849101593,,DU_4
2024-05-04,40.52822194804677,59.471778051953216,59.471778051953216,DU_4
2024-05-05,65.87836211872965,34.12163788127035,34.12163788127035,DU_4
2024-05-06,35.24416027888773,64.75583972111227,,DU_4
2024-05-07,68.11185544201685,31.88814455798315,,DU_4
2024-05-08,48.46500314855579,51.534996851444205,,DU_4
2024-05-10,6.473365255142581,93.52663474485739,,DU_4
2024-05-12,57.19303909595544,42.80696090404456,42.80696090404456,DU_4
2024-05-13,75.88136580173718,24.11863419826281,,DU_4
2024-05-14,55.7360126333595,44.26398736664049,,DU_4
2024-05-15,61.37670477007362,38.62329522992638,,DU_4
2024-05-16,54.6135038688882,45.38649613111182,,DU_4
2024-05-17,32.92606370600865,67.07393629399137,,DU_4
2024-05-18,64.16453859683719,35.8354614031628,35.8354614031628,DU_4
2024-05-19,44.85055258490874,55.14944741509126,55.14944741509126,DU_4
2024-05-20,65.41304915648655,34.58695084351346,,DU_4
2024-05-21,35.99357544936948,64.00642455063051,,DU_4
2024-05-22,44.661732694353326,55.338267305646674,,DU_4
2024-05-23,36.275976516677986,63.724023483322014,,DU_4
2024-05-24,42.406658387365795,57.593341612634205,,DU_4
2024-06-02,37.50087531593465,62.49912468406534,62.49912468406534,DU_4
2024-06-03,59.79542524029359,40.20457475970641,,DU_4
2024-06-04,57.694653058702805,42.30534694129719,,DU_4
2024-06-05,45.593827205331024,54.406172794668976,,DU_4
2024-06-06,80.63823792873418,19.361762071265797,,DU_4
2024-06-07,40.87670888851589,59.12329111148412,,DU_4
2024-06-08,33.74848930708714,66.25151069291287,66.25151069291287,DU_4
2024-06-09,49.10170033151508,50.898299668484924,50.898299668484924,DU_4
2024-06-10,50.45381310860827,49.54618689139173,,DU_4
2024-06-11,74.97093076154903,25.02906923845098,,DU_4
2024-06-12,43.368446773884536,56.63155322611545,,DU_4
2024-06-13,61.89563066521263,38.10436933478738,,DU_4
2024-06-14,61.17680584706664,38.82319415293338,,DU_4
2024-06-15,33.95094595142532,66.04905404857469,66.04905404857469,DU_4
2024-06-16,29.80337374102986,70.19662625897011,70.19662625897011,DU_4
2024-06-17,45.04090886556922,54.95909113443077,,DU_4
2024-06-18,67.87422772989858,32.125772270101415,,DU_4
2024-06-19,50.45368813651051,49.54631186348949,,DU_4
2024-06-20,50.513201315028496,49.486798684971504,,DU_4
2024-06-21,28.373580663458387,71.62641933654159,,DU_4
2024-06-23,53.53106981518264,46.46893018481735,46.46893018481735,DU_4
2024-06-25,45.33301538425198,54.666984615748035,,DU_4
2024-06-26,60.944934236977666,39.055065763022334,,DU_4
2024-06-27,37.56663215577078,62.43336784422922,,DU_4
2024-06-28,33.75317846428585,66.24682153571416,,DU_4
2024-06-29,35.371825688999046,64.62817431100095,64.62817431100095,DU_4
2024-06-30,48.973843561841974,51.02615643815801,51.02615643815801,DU_4
2024-07-01,49.71697146718842,50.28302853281159,,DU_4
2024-07-02,62.04008967950681,37.959910320493194,,DU_4
2024-07-03,58.2435440776075,41.75645592239251,,DU_4
2024-07-04,28.976598001217447,71.02340199878256,,DU_4
2024-07-07,37.71523187256493,62.284768127435065,62.284768127435065,DU_4
2024-07-08,55.248992168867126,44.75100783113287,,DU_4
2024-07-09,45.64943418282378,54.35056581717619,,DU_4
2024-07-10,23.893981545933283,76.10601845406671,,DU_4
2024-07-11,26.72982847586292,73.27017152413707,,DU_4
2024-07-12,34.103038034082125,65.89696196591787,,DU_4
2024-07-13,21.959089933139264,78.04091006686073,78.04091006686073,DU_4
2024-07-14,25.75278894072315,74.24721105927685,74.24721105927685,DU_4
2024-07-15,26.613699583226463,73.38630041677354,,DU_4
2024-07-16,36.884632520209834,63.11536747979017,,DU_4
2024-07-17,31.600275607537316,68.39972439246267,,DU_4
2024-07-18,29.194266000461376,70.80573399953862,,DU_4
2024-07-19,15.58608638276257,84.41391361723744,,DU_4
2024-07-20,39.855440024290004,60.144559975709974,60.144559975709974,DU_4
2024-07-21,14.34979622997002,85.65020377002996,85.65020377002996,DU_4
2024-09-05,42.81353090419826,57.18646909580175,,DU_4
2024-09-06,23.73408173386718,76.26591826613281,,DU_4
2024-09-07,38.08925155045476,61.91074844954524,61.91074844954524,DU_4
2024-09-08,14.946205882542637,85.05379411745737,85.05379411745737,DU_4
2024-09-09,36.14868769521827,63.851312304781715,,DU_4
2024-09-10,25.38113620578623,74.61886379421377,,DU_4
2024-09-11,61.70039678633296,38.29960321366704,,DU_4
2024-09-12,75.28893005618862,24.71106994381137,,DU_4
2024-09-13,56.45247621716929,43.5475237828307,,DU_4
2024-09-14,51.88443497227762,48.11556502772236,48.11556502772236,DU_4
2024-09-15,36.65326394820907,63.34673605179092,63.34673605179092,DU_4
2024-09-17,45.01568203528651,54.98431796471348,,DU_4
2024-09-20,92.43922995973342,7.560770040266574,,DU_4
2024-09-21,77.49285413024386,22.507145869756155,22.507145869756155,DU_4
2024-09-24,28.867186801374412,71.1328131986256,,DU_4
2024-09-25,68.73127119600662,31.26872880399337,,DU_4
2024-09-29,42.664865225340606,57.33513477465938,57.33513477465938,DU_4
2024-09-30,33.02866838598793,66.97133161401207,,DU_4
2024-10-01,33.30294070095269,66.6970592990473,,DU_4
2024-10-02,61.257930926441674,38.74206907355832,,DU_4
2024-10-03,32.728827439609134,67.27117256039085,,DU_4
2024-04-11,22.302480342526444,77.69751965747356,,DU_5
2024-04-12,36.35883339331246,63.64116660668753,,DU_5
2024-04-13,42.323255515135685,57.67674448486431,57.67674448486431,DU_5
2024-04-14,37.35967277188178,62.64032722811823,62.64032722811823,DU_5
2024-04-15,43.41576547844056,56.58423452155943,,DU_5
2024-04-16,65.75768321295826,34.24231678704175,,DU_5
2024-04-17,52.28626547939048,47.71373452060951,,DU_5
2024-04-18,42.669906303321795,57.330093696678205,,DU_5
2024-04-19,28.89531558423996,71.10468441576006,,DU_5
2024-04-20,42.73818490489341,57.261815095106584,57.261815095106584,DU_5
2024-04-21,36.42627287442174,63.57372712557827,63.57372712557827,DU_5
2024-04-22,43.37267680850296,56.62732319149705,,DU_5
2024-04-23,44.79101210824979,55.208987891750205,,DU_5
2024-04-24,51.59129917953146,48.40870082046854,,DU_5
2024-04-25,20.244105141896497,79.75589485810352,,DU_5
2024-04-26,39.345935011548114,60.654064988451886,,DU_5
2024-04-27,51.47976227927691,48.52023772072309,48.52023772072309,DU_5
2024-04-28,28.24962274942055,71.75037725057946,71.75037725057946,DU_5
2024-04-29,56.90654050524431,43.093459494755685,,DU_5
2024-04-30,37.85062936212199,62.149370637878,,DU_5
2024-05-01,54.64047655955887,45.35952344044113,,DU_5
2024-05-02,47.264034314225064,52.73596568577492,,DU_5
2024-05-03,58.330119552641726,41.669880447358274,,DU_5
2024-05-04,27.223535817302547,72.77646418269745,72.77646418269745,DU_5
2024-05-05,48.10670318895615,51.89329681104383,51.89329681104383,DU_5
2024-05-06,50.54072994875395,49.45927005124606,,DU_5
2024-05-07,57.758025477776485,42.24197452222352,,DU_5
2024-05-08,57.7772104011397,42.2227895988603,,DU_5
2024-05-09,52.35865492292471,47.64134507707529,,DU_5
2024-05-10,47.60580964500628,52.39419035499372,,DU_5
2024-05-11,42.961278319254035,57.038721680745965,57.038721680745965,DU_5
2024-05-12,46.99779180081071,53.00220819918928,53.00220819918928,DU_5
2024-05-13,40.30102596139603,59.69897403860398,,DU_5
2024-05-14,27.739913375289348,72.26008662471065,,DU_5
2024-05-15,38.72359781104719,61.276402188952815,,DU_5
2024-05-16,40.31060163700995,59.68939836299006,,DU_5
2024-05-17,42.63010281371491,57.36989718628509,,DU_5
2024-05-18,49.52854450443615,50.471455495563866,50.471455495563866,DU_5
2024-05-19,45.1992863158922,54.800713684107805,54.800713684107805,DU_5
2024-05-20,46.97364039498195,53.026359605018044,,DU_5
2024-05-21,42.58158309923037,57.41841690076963,,DU_5
2024-05-22,58.562594065729655,41.437405934270345,,DU_5
2024-05-23,42.02191915124565,57.97808084875437,,DU_5
2024-05-24,49.373439535925705,50.6265604640743,,DU_5
2024-05-25,54.92229490116303,45.07770509883698,45.07770509883698,DU_5
2024-05-26,36.655043138793744,63.34495686120625,63.34495686120625,DU_5
2024-05-27,40.2511720672218,59.74882793277819,,DU_5
2024-05-28,43.941278740095655,56.058721259904345,,DU_5
2024-05-29,52.5576620123433,47.44233798765671,,DU_5
2024-05-30,45.96469898084796,54.03530101915204,,DU_5
2024-05-31,45.26848957905917,54.73151042094083,,DU_5
2024-06-01,44.97526453413137,55.02473546586862,55.02473546586862,DU_5
2024-06-02,48.999087092951505,51.0009129070485,51.0009129070485,DU_5
2024-06-03,51.40341578885593,48.59658421114408,,DU_5
2024-06-04,42.363765995894234,57.636234004105766,,DU_5
2024-06-05,55.556681957574085,44.443318042425936,,DU_5
2024-06-06,52.16034775295627,47.83965224704372,,DU_5
2024-06-07,54.940595125932866,45.05940487406713,,DU_5
2024-06-08,34.80010113842338,65.1998988615766,65.1998988615766,DU_5
2024-06-09,28.810364941576843,71.18963505842318,71.18963505842318,DU_5
2024-06-10,60.67587800559243,39.32412199440757,,DU_5
2024-06-11,55.99405158709809,44.0059484129019,,DU_5
2024-06-12,74.90600574428503,25.093994255714964,,DU_5
2024-06-13,49.763179502927294,50.236820497072706,,DU_5
2024-06-14,58.62908486841663,41.370915131583374,,DU_5
2024-06-15,54.73403735255391,45.265962647446095,45.265962647446095,DU_5
2024-06-16,45.996098040396184,54.003901959603816,54.003901959603816,DU_5
2024-06-17,38.16144944522527,61.83855055477472,,DU_5
2024-06-18,54.07791964455678,45.92208035544322,,DU_5
2024-06-19,21.44800290952656,78.55199709047345,,DU_5
2024-06-20,50.017736263239556,49.98226373676045,,DU_5
2024-06-21,15.811290887998236,84.18870911200177,,DU_5
2024-06-22,50.03004296711146,49.96995703288855,49.96995703288855,DU_5
2024-06-23,37.61760182704892,62.382398172951056,62.382398172951056,DU_5
2024-06-24,51.95868855026408,48.04131144973593,,DU_5
2024-06-25,50.628237623387705,49.3717623766123,,DU_5
2024-06-26,52.950935750797235,47.049064249202765,,DU_5
2024-06-27,69.73078719221974,30.26921280778026,,DU_5
2024-06-28,81.47570218457423,18.52429781542577,,DU_5
2024-06-29,48.63281634628099,51.36718365371902,51.36718365371902,DU_5
2024-06-30,52.86260730778879,47.13739269221121,47.13739269221121,DU_5
2024-07-01,79.2958643932473,20.7041356067527,,DU_5
2024-07-02,76.69063766155602,23.30936233844397,,DU_5
2024-07-03,43.968771448181194,56.0312285518188,,DU_5
2024-07-04,64.91351193122597,35.08648806877403,,DU_5
2024-07-07,61.54170851008068,38.45829148991931,38.45829148991931,DU_5
2024-07-08,47.03098667546523,52.96901332453478,,DU_5
2024-07-09,10.186899345480361,89.81310065451964,,DU_5
2024-07-10,13.205632724791593,86.7943672752084,,DU_5
2024-07-11,64.08993861217505,35.910061387824946,,DU_5
2024-07-12,13.133112610644131,86.86688738935587,,DU_5
2024-07-13,28.9612141404693,71.03878585953069,71.03878585953069,DU_5
2024-07-14,23.15678439093387,76.84321560906614,76.84321560906614,DU_5
2024-07-15,44.50607594887791,55.49392405112208,,DU_5
2024-07-16,49.53372950790389,50.4662704920961,,DU_5
2024-07-17,51.66151342554923,48.338486574450776,,DU_5
2024-07-19,31.535396346333005,68.464603653667,,DU_5
2024-07-21,11.557842097119673,88.44215790288033,88.44215790288033,DU_5
2024-09-04,61.830460630777374,38.16953936922262,,DU_5
2024-09-05,41.644599092012804,58.35540090798719,,DU_5
2024-09-06,54.145885674485704,45.85411432551429,,DU_5
2024-09-07,38.48728746385223,61.51271253614779,61.51271253614779,DU_5
2024-09-08,44.631833594081996,55.36816640591798,55.36816640591798,DU_5
2024-09-09,40.148747449174955,59.85125255082505,,DU_5
2024-09-10,62.75687250441432,37.243127495585696,,DU_5
2024-09-11,66.99741450290803,33.00258549709197,,DU_5
2024-09-12,77.62460342885488,22.375396571145117,,DU_5
2024-09-13,38.12534469637449,61.87465530362552,,DU_5
2024-09-14,79.43777173456883,20.562228265431166,20.562228265431166,DU_5
2024-09-15,75.53206985288168,24.467930147118327,24.467930147118327,DU_5
2024-09-16,35.86187585727774,64.13812414272229,,DU_5
2024-09-17,44.895355318803574,55.104644681196426,,DU_5
2024-09-18,62.45201677198371,37.5479832280163,,DU_5
2024-09-19,36.60999636523214,63.39000363476786,,DU_5
2024-09-20,39.33331093931244,60.66668906068756,,DU_5
2024-09-21,45.764373047151125,54.23562695284887,54.23562695284887,DU_5
2024-09-22,44.12207106327506,55.87792893672494,55.87792893672494,DU_5
2024-09-23,27.858746185768197,72.1412538142318,,DU_5
2024-09-24,52.76070244911395,47.23929755088604,,DU_5
2024-09-25,55.339648955711276,44.66035104428873,,DU_5
2024-09-26,75.75597184557023,24.244028154429785,,DU_5
2024-09-27,62.27972207219166,37.72027792780834,,DU_5
2024-09-28,56.23134453637001,43.76865546362998,43.76865546362998,DU_5
2024-09-29,56.35778809108132,43.642211908918675,43.642211908918675,DU_5
2024-09-30,64.00824422352015,35.99175577647985,,DU_5
2024-10-01,75.69583451140922,24.304165488590776,,DU_5
2024-10-02,59.3790196505254,40.6209803494746,,DU_5
2024-10-03,62.50455317211123,37.49544682788877,,DU_5
2024-10-04,43.637109068413835,56.362890931586165,,DU_5
2024-10-05,45.20609518842449,54.7939048115755,54.7939048115755,DU_5
2024-10-06,39.65163637067206,60.34836362932794,60.34836362932794,DU_5
2024-10-07,24.44572055714579,75.55427944285421,,DU_5
2024-10-08,48.88065817261771,51.11934182738229,,DU_5
2024-10-09,33.51696518833896,66.48303481166104,,DU_5
2024-10-10,51.52087487365087,48.47912512634913,,DU_5
2024-10-11,40.545148900542785,59.454851099457215,,DU_5
2024-10-12,62.19599673481311,37.804003265186886,37.804003265186886,DU_5
2024-10-13,38.915046599839826,61.08495340016016,61.08495340016016,DU_5
2024-10-14,36.146200982122664,63.85379901787734,,DU_5
2024-10-15,59.65162506918055,40.34837493081946,,DU_5
2024-02-16,22.527611897744052,77.47238810225593,,DU_6
2024-02-17,24.534092215693573,75.46590778430645,75.46590778430645,DU_6
2024-02-18,30.513624318974504,69.48637568102549,69.48637568102549,DU_6
2024-02-19,27.272905343201053,72.72709465679895,,DU_6
2024-02-20,14.830612767419964,85.16938723258004,,DU_6
2024-02-21,30.48381279812988,69.51618720187012,,DU_6
2024-02-22,32.71798199367345,67.28201800632655,,DU_6
2024-02-23,24.92861905429348,75.0713809457065,,DU_6
2024-02-24,41.80440126158197,58.19559873841802,58.19559873841802,DU_6
2024-02-25,29.690063734607676,70.30993626539232,70.30993626539232,DU_6
2024-02-26,37.77032356696185,62.22967643303815,,DU_6
2024-02-27,37.45187964719636,62.54812035280365,,DU_6
2024-02-28,16.444432020042026,83.55556797995798,,DU_6
2024-02-29,30.59578565772208,69.40421434227794,,DU_6
2024-03-01,42.80611083213919,57.1938891678608,,DU_6
2024-03-06,51.3969885933294,48.60301140667062,,DU_6
2024-03-07,53.78783362028583,46.21216637971419,,DU_6
2024-03-08,47.564998458104,52.435001541895986,,DU_6
2024-03-09,44.153487541065886,55.84651245893411,55.84651245893411,DU_6
2024-03-11,52.9146737102612,47.08532628973878,,DU_6
2024-03-12,26.242234848644248,73.75776515135574,,DU_6
2024-03-13,32.325756442975646,67.67424355702435,,DU_6
2024-03-14,29.52929910500534,70.47070089499465,,DU_6
2024-03-15,27.8968841044388,72.1031158955612,,DU_6
2024-03-16,22.537036148377677,77.46296385162232,77.46296385162232,DU_6
2024-03-17,25.9946382115243,74.00536178847568,74.00536178847568,DU_6
2024-03-18,19.36680454764003,80.63319545235996,,DU_6
2024-03-19,24.586526149161635,75.41347385083836,,DU_6
2024-03-20,32.406680630118245,67.59331936988177,,DU_6
2024-03-21,27.39577559229654,72.60422440770347,,DU_6
2024-03-22,33.01167105363362,66.98832894636637,,DU_6
2024-03-23,37.97217583080295,62.02782416919705,62.02782416919705,DU_6
2024-03-24,41.018003728028376,58.98199627197162,58.98199627197162,DU_6
2024-03-25,28.593574654944337,71.40642534505565,,DU_6
2024-03-26,28.727961271858266,71.27203872814175,,DU_6
2024-03-27,35.75555270252921,64.24444729747078,,DU_6
2024-03-28,29.667622001884038,70.33237799811597,,DU_6
2024-03-29,38.05405941304871,61.945940586951274,,DU_6
2024-03-30,30.218440248076238,69.78155975192375,69.78155975192375,DU_6
2024-03-31,32.66101349246489,67.33898650753511,67.33898650753511,DU_6
2024-04-01,25.52874057159224,74.47125942840775,,DU_6
2024-04-02,34.45201288677,65.54798711323,,DU_6
2024-04-03,31.654865705404546,68.34513429459547,,DU_6
2024-04-04,36.669617793133234,63.330382206866766,,DU_6
2024-04-05,33.98341979505498,66.01658020494501,,DU_6
2024-04-06,32.97855813615827,67.02144186384173,67.02144186384173,DU_6
2024-04-07,37.616868046776375,62.383131953223625,62.383131953223625,DU_6
2024-04-08,19.17681506305382,80.82318493694616,,DU_6
2024-04-09,33.57515156793468,66.42484843206532,,DU_6
2024-04-10,40.776713293734204,59.223286706265796,,DU_6
2024-04-11,35.0482189957505,64.9517810042495,,DU_6
2024-04-12,41.147774962900066,58.85222503709995,,DU_6
2024-04-13,35.21182669446731,64.7881733055327,64.7881733055327,DU_6
2024-04-14,39.05878287681246,60.94121712318753,60.94121712318753,DU_6
2024-04-15,31.96654482828116,68.03345517171884,,DU_6
2024-04-16,23.15939712374772,76.84060287625229,,DU_6
2024-04-17,24.48326129086789,75.51673870913211,,DU_6
2024-04-18,33.34937765492232,66.65062234507768,,DU_6
2024-04-21,48.9728264995899,51.02717350041011,51.02717350041011,DU_6
2024-04-23,44.17962384288426,55.820376157115724,,DU_6
2024-04-24,52.65041686880198,47.34958313119804,,DU_6
2024-04-25,49.25892156205119,50.741078437948815,,DU_6
2024-04-26,53.36590697785819,46.6340930221418,,DU_6
2024-04-27,36.4592530056253,63.5407469943747,63.5407469943747,DU_6
2024-04-28,40.161865825741195,59.83813417425882,59.83813417425882,DU_6
2024-04-29,24.82751328345978,75.17248671654022,,DU_6
2024-04-30,21.787814531080066,78.21218546891996,,DU_6
2024-05-01,37.54441839886185,62.455581601138135,,DU_6
2024-05-02,25.226173803706697,74.77382619629331,,DU_6
2024-05-03,15.656577289017845,84.34342271098214,,DU_6
2024-05-04,21.821941932491693,78.17805806750832,78.17805806750832,DU_6
2024-05-05,33.01908644678746,66.98091355321253,66.98091355321253,DU_6
2024-05-06,40.10451740582439,59.89548259417561,,DU_6
2024-05-07,34.84568929265017,65.15431070734982,,DU_6
2024-05-08,42.28343217780299,57.71656782219701,,DU_6
2024-05-09,46.777157047463355,53.22284295253663,,DU_6
2024-05-10,35.59741137345519,64.40258862654483,,DU_6
2024-05-11,38.099025013016465,61.90097498698353,61.90097498698353,DU_6
2024-05-12,35.63321711490978,64.36678288509022,64.36678288509022,DU_6
2024-05-13,35.94341942299286,64.05658057700714,,DU_6
2024-05-14,34.367465529723766,65.63253447027624,,DU_6
2024-05-15,54.70992734294231,45.29007265705771,,DU_6
2024-05-16,44.66854900567749,55.331450994322516,,DU_6
2024-05-17,57.794522235371026,42.20547776462899,,DU_6
2024-05-18,59.88469639269136,40.11530360730864,40.11530360730864,DU_6
2024-05-19,59.84009856616601,40.159901433833966,40.159901433833966,DU_6
2024-05-20,48.124998647809555,51.87500135219045,,DU_6
2024-05-21,58.90669913536358,41.093300864636404,,DU_6
2024-05-22,53.61788144628598,46.38211855371401,,DU_6
2024-05-23,64.9645076695138,35.03549233048621,,DU_6
2024-05-24,58.92218937224243,41.07781062775756,,DU_6
2024-05-25,57.41059024803017,42.58940975196982,42.58940975196982,DU_6
2024-05-26,55.825754793342554,44.174245206657446,44.174245206657446,DU_6
2024-05-29,60.775862068965516,39.224137931034484,,DU_6
2024-05-30,55.700816719494824,44.299183280505176,,DU_6
2024-05-31,61.71460706243065,38.285392937569355,,DU_6
2024-06-01,47.437265702923234,52.562734297076766,52.562734297076766,DU_6
2024-06-02,36.05119381524259,63.9488061847574,63.9488061847574,DU_6
2024-06-03,22.968258820601335,77.03174117939867,,DU_6
2024-06-04,15.317927146242246,84.68207285375775,,DU_6
2024-06-05,36.27889155870226,63.72110844129772,,DU_6
2024-06-06,43.9741510239011,56.02584897609889,,DU_6
2024-06-07,45.137691939301256,54.86230806069874,,DU_6
2024-06-08,30.812135906057787,69.18786409394221,69.18786409394221,DU_6
2024-06-09,41.820498564904845,58.17950143509515,58.17950143509515,DU_6
2024-06-10,24.40652096429439,75.5934790357056,,DU_6
2024-06-11,30.534976607746927,69.46502339225307,,DU_6
2024-06-12,45.90289826744986,54.097101732550136,,DU_6
2024-06-13,38.490353998876195,61.509646001123805,,DU_6
2024-06-14,47.44609745234563,52.553902547654374,,DU_6
2024-06-15,31.67835338508128,68.32164661491869,68.32164661491869,DU_6
2024-06-16,28.98083706072525,71.01916293927474,71.01916293927474,DU_6
2024-06-17,34.666852019927255,65.33314798007275,,DU_6
2024-06-18,60.65029231885233,39.34970768114767,,DU_6
2024-06-19,51.85545067555062,48.144549324449386,,DU_6
2024-06-20,55.814128831475664,44.185871168524315,,DU_6
2024-06-21,65.43524118658976,34.56475881341024,,DU_6
2024-06-22,65.92090147431537,34.07909852568463,34.07909852568463,DU_6
2024-06-23,54.228397290706475,45.771602709293525,45.771602709293525,DU_6
2024-06-24,64.2452870682836,35.75471293171639,,DU_6
2024-06-26,36.71456223942823,63.285437760571774,,DU_6
2024-06-27,33.961556271907305,66.0384437280927,,DU_6
2024-06-28,30.385168729654698,69.6148312703453,,DU_6
2024-06-29,46.7389574501946,53.2610425498054,53.2610425498054,DU_6
2024-06-30,54.33949894995216,45.660501050047834,45.660501050047834,DU_6
2024-07-01,52.05278515420162,47.94721484579838,,DU_6
2024-07-02,53.08948299975742,46.910517000242585,,DU_6
2024-07-03,57.42087635506054,42.57912364493946,,DU_6
2024-07-04,55.48519294389689,44.514807056103116,,DU_6
2024-07-07,56.77031802120142,43.22968197879858,43.22968197879858,DU_6
2024-07-08,50.11547929362291,49.88452070637709,,DU_6
2024-07-09,53.54091730915512,46.45908269084487,,DU_6
2024-07-10,56.79011718497692,43.20988281502308,,DU_6
2024-07-11,46.095901543598245,53.90409845640176,,DU_6
2024-07-12,42.28782753884844,57.71217246115157,,DU_6
2024-07-13,27.009634151857416,72.9903658481426,72.9903658481426,DU_6
2024-07-14,24.8714975225809,75.12850247741912,75.12850247741912,DU_6
2024-07-15,4.936083756236431,95.06391624376359,,DU_6
2024-07-16,27.10869955105887,72.89130044894112,,DU_6
2024-07-19,46.471534693380256,53.52846530661976,,DU_6
2024-07-20,66.64990510651128,33.350094893488716,33.350094893488716,DU_6
2024-07-21,61.204361476652224,38.79563852334779,38.79563852334779,DU_6
2024-09-13,32.44861729361962,67.55138270638038,,DU_6
2024-09-26,23.977977788441112,76.02202221155889,,DU_6
2024-09-28,42.97926666414294,57.020733335857074,57.020733335857074,DU_6
2024-10-05,32.770936863779625,67.22906313622036,67.22906313622036,DU_6
2024-10-07,43.315853482942686,56.68414651705732,,DU_6
2024-10-08,41.55305511446734,58.44694488553266,,DU_6
2024-10-09,47.2085302568518,52.79146974314819,,DU_6
2024-10-10,31.123075085490314,68.87692491450967,,DU_6
2024-10-13,38.51147967346755,61.48852032653246,61.48852032653246,DU_6
2024-01-30,41.428053455990096,58.571946544009904,,DU_7
2024-01-31,67.19785284665882,32.802147153341174,,DU_7
2024-02-01,38.56428695835601,61.43571304164399,,DU_7
2024-02-02,76.15599058914825,23.84400941085175,,DU_7
2024-02-03,45.40889245404792,54.59110754595208,54.59110754595208,DU_7
2024-02-04,63.49673457521112,36.503265424788864,36.503265424788864,DU_7
2024-02-05,57.21498363550229,42.78501636449769,,DU_7
2024-02-06,77.36803086388467,22.631969136115334,,DU_7
2024-02-07,68.5174935534779,31.482506446522102,,DU_7
2024-02-08,60.32510192379088,39.67489807620913,,DU_7
2024-02-09,45.795870886860435,54.20412911313955,,DU_7
2024-02-10,62.00285277246845,37.99714722753156,37.99714722753156,DU_7
2024-02-11,53.45653723798741,46.54346276201259,46.54346276201259,DU_7
2024-02-12,36.54107232214955,63.45892767785046,,DU_7
2024-02-13,50.31606717681183,49.68393282318818,,DU_7
2024-02-14,59.867469714825795,40.13253028517421,,DU_7
2024-02-15,72.57001362447507,27.429986375524944,,DU_7
2024-02-16,52.96405931495228,47.03594068504773,,DU_7
2024-02-17,46.3235856522414,53.676414347758595,53.676414347758595,DU_7
2024-02-18,59.17869952975514,40.82130047024485,40.82130047024485,DU_7
2024-02-19,63.24508876147459,36.75491123852543,,DU_7
2024-02-20,60.96861281932996,39.03138718067003,,DU_7
2024-02-21,57.15833223777845,42.841667762221554,,DU_7
2024-02-22,53.700194191685746,46.299805808314254,,DU_7
2024-02-23,44.71716720376238,55.282832796237635,,DU_7
2024-02-24,45.70914303396054,54.29085696603948,54.29085696603948,DU_7
2024-02-25,47.59881527831644,52.40118472168358,52.40118472168358,DU_7
2024-02-26,70.58860560994292,29.411394390057076,,DU_7
2024-02-27,68.62493338824103,31.375066611758967,,DU_7
2024-02-28,58.16771237900845,41.83228762099154,,DU_7
2024-02-29,69.58396284158634,30.416037158413655,,DU_7
2024-03-01,44.10728663438765,55.89271336561234,,DU_7
2024-03-02,62.472047981955924,37.52795201804408,37.52795201804408,DU_7
2024-03-03,49.507599693443254,50.49240030655674,50.49240030655674,DU_7
2024-03-04,52.41093911537674,47.58906088462325,,DU_7
2024-03-05,59.10137852296609,40.89862147703391,,DU_7
2024-03-06,50.949690956862405,49.050309043137595,,DU_7
2024-03-07,62.51125689471706,37.48874310528293,,DU_7
2024-03-08,48.02627671515618,51.97372328484382,,DU_7
2024-03-09,49.222255060024956,50.777744939975044,50.777744939975044,DU_7
2024-03-10,44.82582851784554,55.17417148215446,55.17417148215446,DU_7
2024-03-11,53.43588429161316,46.56411570838684,,DU_7
2024-03-12,52.97235365042202,47.027646349577964,,DU_7
2024-03-13,55.2563057145982,44.74369428540182,,DU_7
2024-03-14,54.81748936144223,45.18251063855778,,DU_7
2024-03-15,26.35464925652161,73.6453507434784,,DU_7
2024-03-16,36.65568949102162,63.344310508978374,63.344310508978374,DU_7
2024-03-17,45.37774305603996,54.622256943960046,54.622256943960046,DU_7
2024-03-18,49.92398005251253,50.07601994748745,,DU_7
2024-03-19,73.56013124068583,26.439868759314173,,DU_7
2024-03-20,77.55807882837374,22.44192117162626,,DU_7
2024-03-21,69.39373664605887,30.606263353941138,,DU_7
2024-03-22,44.40969730203524,55.59030269796475,,DU_7
2024-03-23,74.4488304859015,25.551169514098525,25.551169514098525,DU_7
2024-03-24,41.719451712692205,58.280548287307795,58.280548287307795,DU_7
2024-03-25,42.94754144583087,57.052458554169114,,DU_7
2024-03-26,66.9425220264223,33.05747797357769,,DU_7
2024-03-27,55.26166071726448,44.738339282735495,,DU_7
2024-03-28,73.86781213609781,26.132187863902185,,DU_7
2024-03-29,61.07380127187951,38.9261987281205,,DU_7
2024-03-30,62.05275906859674,37.94724093140325,37.94724093140325,DU_7
2024-03-31,48.2752285654267,51.72477143457331,51.72477143457331,DU_7
2024-04-02,71.2344581127357,28.765541887264312,,DU_7
2024-04-03,50.16973041752395,49.830269582476056,,DU_7
2024-04-04,47.461555805754244,52.538444194245756,,DU_7
2024-04-05,63.162954264459174,36.837045735540826,,DU_7
2024-04-06,53.1496518646953,46.85034813530471,46.85034813530471,DU_7
2024-04-07,55.03706295599283,44.96293704400715,44.96293704400715,DU_7
2024-04-08,62.02033619451544,37.97966380548457,,DU_7
2024-04-09,57.93600265671516,42.06399734328485,,DU_7
2024-04-10,64.5465183482826,35.453481651717404,,DU_7
2024-04-11,57.296602497092294,42.703397502907706,,DU_7
2024-04-12,82.07144603989714,17.928553960102846,,DU_7
2024-04-13,40.53894729043308,59.46105270956692,59.46105270956692,DU_7
2024-04-14,26.327639557377935,73.67236044262208,73.67236044262208,DU_7
2024-04-15,46.51819679329774,53.481803206702274,,DU_7
2024-04-16,63.25265200731,36.74734799269,,DU_7
2024-04-17,62.29568990295227,37.704310097047724,,DU_7
2024-04-18,44.979222165364845,55.02077783463514,,DU_7
2024-04-19,66.58171961056641,33.41828038943358,,DU_7
2024-04-20,48.63511385017721,51.36488614982279,51.36488614982279,DU_7
2024-04-21,70.18141907109325,29.81858092890674,29.81858092890674,DU_7
2024-04-22,42.53897759978695,57.46102240021303,,DU_7
2024-04-23,37.60035497031177,62.399645029688244,,DU_7
2024-04-24,58.130921911895626,41.869078088104374,,DU_7
2024-04-25,66.22099643508828,33.779003564911704,,DU_7
2024-04-26,89.09479426899586,10.905205731004147,,DU_7
2024-04-29,66.83249850687127,33.16750149312874,,DU_7
2024-04-30,62.84149282001476,37.15850717998523,,DU_7
2024-05-02,55.276078628911776,44.72392137108824,,DU_7
2024-05-03,47.629225365799996,52.37077463420001,,DU_7
2024-05-04,46.54951224890158,53.45048775109843,53.45048775109843,DU_7
2024-05-05,53.34041084057589,46.65958915942411,46.65958915942411,DU_7
2024-05-06,65.75421772690105,34.245782273098946,,DU_7
2024-05-07,52.53349114914977,47.46650885085024,,DU_7
2024-05-08,61.13946684525683,38.86053315474319,,DU_7
2024-05-09,41.56663409808795,58.43336590191204,,DU_7
2024-05-10,56.43792611361387,43.56207388638614,,DU_7
2024-05-11,48.833631995153276,51.16636800484672,51.16636800484672,DU_7
2024-05-12,58.48732302886188,41.51267697113813,41.51267697113813,DU_7
2024-05-13,38.55429439217568,61.44570560782432,,DU_7
2024-05-14,61.41426561388743,38.585734386112584,,DU_7
2024-05-15,54.139825822873355,45.86017417712663,,DU_7
2024-05-16,63.170289957489764,36.829710042510236,,DU_7
2024-05-17,69.48288108978349,30.517118910216507,,DU_7
2024-05-18,51.86759514257879,48.1324048574212,48.1324048574212,DU_7
2024-05-19,68.62679867007667,31.373201329923333,31.373201329923333,DU_7
2024-05-20,53.02247671217769,46.97752328782233,,DU_7
2024-05-21,62.01280127539276,37.987198724607246,,DU_7
2024-05-22,44.580079776637554,55.41992022336244,,DU_7
2024-05-23,69.17361104579818,30.826388954201832,,DU_7
2024-05-24,41.99526953223014,58.00473046776986,,DU_7
2024-05-25,71.50435889961837,28.495641100381615,28.495641100381615,DU_7
2024-05-26,54.987002126806786,45.01299787319322,45.01299787319322,DU_7
2024-05-27,49.273268392076105,50.726731607923895,,DU_7
2024-05-28,69.43495250516489,30.565047494835135,,DU_7
2024-05-29,38.429882893226,61.57011710677399,,DU_7
2024-05-30,41.30115737779031,58.69884262220969,,DU_7
2024-05-31,61.70024801616921,38.299751983830774,,DU_7
2024-06-01,52.858980162141336,47.14101983785864,47.14101983785864,DU_7
2024-06-02,33.05348854042683,66.94651145957319,66.94651145957319,DU_7
2024-06-03,51.00940124517934,48.99059875482066,,DU_7
2024-06-04,40.63436188367704,59.36563811632295,,DU_7
2024-06-05,43.60230617822344,56.39769382177656,,DU_7
2024-06-06,48.00780492217827,51.99219507782173,,DU_7
2024-06-07,60.315467257779034,39.68453274222096,,DU_7
2024-06-08,41.714445279347785,58.28555472065222,58.28555472065222,DU_7
2024-06-09,52.993559202200494,47.00644079779953,47.00644079779953,DU_7
2024-06-10,38.95185639866527,61.048143601334736,,DU_7
2024-06-11,61.733113362457125,38.26688663754287,,DU_7
2024-06-12,53.8487715927769,46.1512284072231,,DU_7
2024-06-13,54.59782352495566,45.40217647504436,,DU_7
2024-06-14,70.4056945932018,29.5943054067982,,DU_7
2024-06-15,54.27166335723387,45.72833664276613,45.72833664276613,DU_7
2024-06-16,54.21783775284603,45.78216224715398,45.78216224715398,DU_7
2024-06-17,59.76710824509901,40.23289175490099,,DU_7
2024-06-18,49.35323499711111,50.64676500288889,,DU_7
2024-06-19,21.49737522373577,78.50262477626423,,DU_7
2024-06-20,38.65093221996971,61.34906778003031,,DU_7
2024-06-21,46.786655440037364,53.213344559962636,,DU_7
2024-06-22,38.09031116003978,61.90968883996023,61.90968883996023,DU_7
2024-06-23,48.544506094874926,51.455493905125074,51.455493905125074,DU_7
2024-06-24,39.5023684465743,60.49763155342568,,DU_7
2024-06-25,59.77173487366267,40.22826512633731,,DU_7
2024-06-26,45.70807794162584,54.29192205837416,,DU_7
2024-06-27,32.02646145189103,67.97353854810896,,DU_7
2024-06-28,60.96435662990585,39.03564337009416,,DU_7
2024-06-29,69.72425578567564,30.27574421432435,30.27574421432435,DU_7
2024-06-30,47.839940261458715,52.160059738541285,52.160059738541285,DU_7
2024-07-01,48.18874886908651,51.81125113091349,,DU_7
2024-07-02,72.57027290427067,27.429727095729326,,DU_7
2024-07-03,51.68244764339792,48.317552356602086,,DU_7
2024-07-04,50.031597048029184,49.968402951970795,,DU_7
2024-07-07,51.91828996636051,48.081710033639474,48.081710033639474,DU_7
2024-07-08,38.021919325939876,61.978080674060124,,DU_7
2024-07-09,62.14301969387607,37.85698030612393,,DU_7
2024-07-10,17.05269525129168,82.94730474870833,,DU_7
2024-07-13,7.196068753437808,92.80393124656219,92.80393124656219,DU_7
2024-07-15,7.4190596107204,92.5809403892796,,DU_7
2024-07-16,9.143469542216888,90.8565304577831,,DU_7
2024-07-19,7.825209601442696,92.1747903985573,,DU_7
2024-09-04,20.10389085640332,79.89610914359666,,DU_7
2024-09-06,37.190092551143685,62.809907448856315,,DU_7
2024-09-07,42.6498465793522,57.350153420647786,57.350153420647786,DU_7
2024-09-08,41.201567072785124,58.798432927214876,58.798432927214876,DU_7
2024-09-09,46.50393848430919,53.496061515690826,,DU_7
2024-09-10,65.41781551263354,34.582184487366476,,DU_7
2024-09-11,25.58088950067831,74.41911049932169,,DU_7
2024-09-12,60.93174079524071,39.068259204759286,,DU_7
2024-09-13,67.60391404127444,32.39608595872555,,DU_7
2024-09-14,25.732202407876198,74.2677975921238,74.2677975921238,DU_7
2024-09-15,46.28461951798658,53.71538048201343,53.71538048201343,DU_7
2024-09-16,38.62491575343164,61.37508424656837,,DU_7
2024-09-17,58.368552735748914,41.631447264251086,,DU_7
2024-09-18,57.37058701227207,42.62941298772794,,DU_7
2024-09-19,69.1157630712681,30.884236928731884,,DU_7
2024-09-20,59.005506293533095,40.99449370646692,,DU_7
2024-09-21,53.103041531656544,46.896958468343456,46.896958468343456,DU_7
2024-09-22,51.710587502324515,48.28941249767549,48.28941249767549,DU_7
2024-09-23,79.96945310108104,20.030546898918942,,DU_7
2024-09-24,70.90333995090452,29.096660049095487,,DU_7
2024-09-25,56.981687825109994,43.01831217489001,,DU_7
2024-09-26,79.43940297334319,20.56059702665681,,DU_7
2024-09-27,63.94615160461699,36.053848395383,,DU_7
2024-09-28,65.3269095293536,34.67309047064641,34.67309047064641,DU_7
2024-09-29,58.636043091173015,41.36395690882697,41.36395690882697,DU_7
2024-09-30,65.49839282238554,34.50160717761445,,DU_7
2024-10-01,36.74535333092571,63.25464666907431,,DU_7
2024-10-02,38.822430876565384,61.17756912343461,,DU_7
2024-10-03,42.90035335526699,57.09964664473301,,DU_7
2024-10-04,61.108158520268674,38.89184147973133,,DU_7
2024-10-05,28.748446077487532,71.25155392251246,71.25155392251246,DU_7
2024-10-06,52.477532082305224,47.52246791769477,47.52246791769477,DU_7
2024-10-07,43.904624036487455,56.09537596351255,,DU_7
2024-10-08,61.17328349925282,38.82671650074719,,DU_7
2024-10-09,38.9824600618423,61.01753993815768,,DU_7
2024-10-10,30.172102013270724,69.82789798672925,,DU_7
2024-10-11,64.37464514816533,35.625354851834665,,DU_7
2024-10-12,61.62502079212263,38.37497920787735,38.37497920787735,DU_7
2024-10-13,50.90603984654967,49.09396015345035,49.09396015345035,DU_7
2024-10-14,60.85123791006606,39.14876208993394,,DU_7
2024-02-16,25.422446026600852,74.57755397339913,,DU_8
2024-02-17,61.214396218975196,38.78560378102478,38.78560378102478,DU_8
2024-02-19,36.6999575739457,63.30004242605429,,DU_8
2024-02-20,33.81161822252621,66.1883817774738,,DU_8
2024-02-21,33.66614985204702,66.33385014795299,,DU_8
2024-02-22,25.48401111542185,74.51598888457815,,DU_8
2024-02-23,44.29231365711744,55.70768634288255,,DU_8
2024-02-24,74.2036976864293,25.796302313570713,25.796302313570713,DU_8
2024-02-25,37.52837336782719,62.47162663217281,62.47162663217281,DU_8
2024-02-26,26.847658430068705,73.15234156993131,,DU_8
2024-02-28,32.966050921047795,67.03394907895219,,DU_8
2024-02-29,34.56039843847793,65.43960156152207,,DU_8
2024-03-01,52.60977492035541,47.39022507964458,,DU_8
2024-03-03,41.18461958651446,58.81538041348555,58.81538041348555,DU_8
2024-03-04,27.98188668925509,72.01811331074491,,DU_8
2024-03-05,39.83197581052429,60.16802418947572,,DU_8
2024-03-11,51.355352781459885,48.64464721854011,,DU_8
2024-03-12,54.5462754281981,45.4537245718019,,DU_8
2024-03-13,48.6202715100248,51.37972848997519,,DU_8
2024-03-14,42.36718555937114,57.632814440628856,,DU_8
2024-03-15,26.979108977221287,73.02089102277871,,DU_8
2024-03-16,64.3253515264811,35.67464847351891,35.67464847351891,DU_8
2024-03-17,33.228290733949315,66.7717092660507,66.7717092660507,DU_8
2024-03-18,61.12655948421405,38.87344051578594,,DU_8
2024-03-19,26.700671297761385,73.29932870223861,,DU_8
2024-03-20,37.54003074695555,62.459969253044456,,DU_8
2024-03-21,19.967083563971485,80.0329164360285,,DU_8
2024-03-22,37.69120113875023,62.308798861249755,,DU_8
2024-03-23,47.040064027926185,52.95993597207382,52.95993597207382,DU_8
2024-03-24,21.88197350690188,78.11802649309811,78.11802649309811,DU_8
2024-03-25,35.43911263975029,64.5608873602497,,DU_8
2024-03-26,39.08581610964527,60.91418389035474,,DU_8
2024-03-27,21.649142949493452,78.35085705050653,,DU_8
2024-03-28,33.70164032022109,66.29835967977891,,DU_8
2024-03-29,24.956994777946985,75.04300522205303,,DU_8
2024-03-30,22.355035594996632,77.64496440500336,77.64496440500336,DU_8
2024-03-31,23.299542646634656,76.70045735336534,76.70045735336534,DU_8
2024-04-01,17.810825508530815,82.18917449146917,,DU_8
2024-04-02,29.96883681911585,70.03116318088414,,DU_8
2024-04-03,35.66249002910197,64.33750997089803,,DU_8
2024-04-04,31.444584763362464,68.55541523663753,,DU_8
2024-04-05,53.90582592549723,46.09417407450277,,DU_8
2024-04-06,31.86877039964773,68.13122960035226,68.13122960035226,DU_8
2024-04-07,56.01416182938941,43.985838170610585,43.985838170610585,DU_8
2024-04-08,42.71778631277062,57.28221368722938,,DU_8
2024-04-09,27.28255680187381,72.71744319812619,,DU_8
2024-04-10,44.39891714800204,55.601082851997944,,DU_8
2024-04-11,37.109690735178766,62.890309264821234,,DU_8
2024-04-12,31.12652693734023,68.87347306265977,,DU_8
2024-04-13,50.13354519012122,49.86645480987878,49.86645480987878,DU_8
2024-04-14,33.31904201414548,66.68095798585453,66.68095798585453,DU_8
2024-04-15,39.80955802027517,60.19044197972484,,DU_8
2024-04-17,31.014411581647334,68.98558841835268,,DU_8
2024-04-18,25.26939265713261,74.73060734286736,,DU_8
2024-04-19,40.00315482115061,59.9968451788494,,DU_8
2024-04-20,27.644357089294303,72.3556429107057,72.3556429107057,DU_8
2024-04-21,33.37948818428414,66.62051181571586,66.62051181571586,DU_8
2024-04-22,27.977086407285544,72.02291359271446,,DU_8
2024-04-23,15.171181078949832,84.82881892105016,,DU_8
2024-04-24,21.737347409029546,78.26265259097046,,DU_8
2024-04-25,17.218118968902516,82.78188103109747,,DU_8
2024-04-26,15.859953407660992,84.14004659233902,,DU_8
2024-04-27,18.86429666310247,81.13570333689756,81.13570333689756,DU_8
2024-04-28,20.474692943859175,79.52530705614085,79.52530705614085,DU_8
2024-04-29,25.49669230919968,74.50330769080034,,DU_8
2024-04-30,41.28127289652991,58.718727103470094,,DU_8
2024-05-02,25.987114925466017,74.01288507453397,,DU_8
2024-05-03,35.44818259080413,64.55181740919585,,DU_8
2024-05-04,28.52085619976039,71.47914380023961,71.47914380023961,DU_8
2024-05-05,43.915380060511545,56.084619939488455,56.084619939488455,DU_8
2024-05-06,33.19216121653067,66.80783878346932,,DU_8
2024-05-07,26.19301680398987,73.80698319601014,,DU_8
2024-05-08,28.884935119155802,71.1150648808442,,DU_8
2024-05-09,30.393339320258878,69.60666067974111,,DU_8
2024-05-10,39.7610898371986,60.23891016280142,,DU_8
2024-05-11,37.67554602426409,62.324453975735906,62.324453975735906,DU_8
2024-05-12,43.76424690328307,56.23575309671692,56.23575309671692,DU_8
2024-05-13,32.53608472377194,67.46391527622806,,DU_8
2024-05-14,23.745066173734635,76.25493382626536,,DU_8
2024-05-15,37.74118505053662,62.25881494946338,,DU_8
2024-05-19,28.399929374341284,71.60007062565872,71.60007062565872,DU_8
2024-05-20,36.210202140668166,63.789797859331834,,DU_8
2024-05-21,39.92772242509926,60.072277574900745,,DU_8
2024-05-22,32.03459748328486,67.96540251671513,,DU_8
2024-05-23,25.494377610087632,74.50562238991235,,DU_8
2024-05-24,37.18015695344308,62.8198430465569,,DU_8
2024-05-28,17.788912421598425,82.21108757840159,,DU_8
2024-05-29,23.019603690318338,76.98039630968167,,DU_8
2024-05-30,34.25955558824377,65.74044441175624,,DU_8
2024-05-31,29.363696942174645,70.63630305782537,,DU_8
2024-06-01,21.084988255787987,78.91501174421201,78.91501174421201,DU_8
2024-06-02,31.411559914884553,68.58844008511544,68.58844008511544,DU_8
2024-06-03,28.631459420420114,71.36854057957987,,DU_8
2024-06-05,15.368859216922534,84.63114078307746,,DU_8
2024-06-06,24.592105850099102,75.4078941499009,,DU_8
2024-06-07,35.65641948621177,64.34358051378824,,DU_8
2024-06-08,26.79890261157069,73.2010973884293,73.2010973884293,DU_8
2024-06-09,23.615708996230165,76.38429100376983,76.38429100376983,DU_8
2024-06-10,31.037301980136444,68.96269801986355,,DU_8
2024-06-11,39.35478918908585,60.64521081091413,,DU_8
2024-06-12,30.239907550250805,69.7600924497492,,DU_8
2024-06-13,26.945942189259696,73.05405781074032,,DU_8
2024-06-14,27.977249138270594,72.0227508617294,,DU_8
2024-06-15,34.7408609056329,65.25913909436709,65.25913909436709,DU_8
2024-06-16,34.7269177712416,65.27308222875841,65.27308222875841,DU_8
2024-06-17,40.7040736506724,59.2959263493276,,DU_8
2024-06-18,21.73381438307418,78.26618561692582,,DU_8
2024-06-19,21.014309494733165,78.98569050526683,,DU_8
2024-06-20,14.898598916487465,85.10140108351253,,DU_8
2024-06-21,43.50668538439705,56.493314615602955,,DU_8
2024-06-22,37.719304414415234,62.280695585584766,62.280695585584766,DU_8
2024-06-23,52.33396165246851,47.6660383475315,47.6660383475315,DU_8
2024-06-25,40.535478380133085,59.46452161986691,,DU_8
2024-06-26,34.53600582525182,65.46399417474818,,DU_8
2024-06-27,42.4036870278146,57.5963129721854,,DU_8
2024-06-28,50.03550702929878,49.96449297070122,,DU_8
2024-06-29,49.65017572116873,50.34982427883126,50.34982427883126,DU_8
2024-06-30,35.41167012021907,64.58832987978094,64.58832987978094,DU_8
2024-07-01,25.08149473248048,74.91850526751952,,DU_8
2024-07-02,39.90614388315862,60.09385611684137,,DU_8
2024-07-03,20.860426206706556,79.13957379329342,,DU_8
2024-07-04,18.85296592212084,81.14703407787914,,DU_8
2024-07-07,42.50967146513023,57.490328534869796,57.490328534869796,DU_8
2024-07-08,22.70637285533464,77.29362714466536,,DU_8
2024-07-09,15.466734710247747,84.53326528975225,,DU_8
2024-07-10,20.334404955978975,79.66559504402103,,DU_8
2024-07-11,11.905010281684755,88.09498971831525,,DU_8
2024-07-12,21.179992115469677,78.82000788453033,,DU_8
2024-07-13,31.943962887026462,68.05603711297353,68.05603711297353,DU_8
2024-07-14,23.694363002164007,76.30563699783602,76.30563699783602,DU_8
2024-07-15,17.346146681680242,82.65385331831975,,DU_8
2024-07-16,10.294549203819264,89.70545079618074,,DU_8
2024-07-17,9.304647899908943,90.69535210009104,,DU_8
2024-07-19,7.874818049490538,92.12518195050944,,DU_8
2024-07-20,13.353167946010736,86.64683205398927,86.64683205398927,DU_8
2024-07-21,18.28519941049869,81.71480058950131,81.71480058950131,DU_8
2024-09-04,14.03678015973098,85.963219840269,,DU_8
2024-09-05,33.64814531000489,66.35185468999511,,DU_8
2024-09-06,25.41494931692418,74.58505068307582,,DU_8
2024-09-07,35.719713496336794,64.28028650366322,64.28028650366322,DU_8
2024-09-08,41.50353207011486,58.496467929885156,58.496467929885156,DU_8
2024-09-09,38.03279316926546,61.967206830734526,,DU_8
2024-09-10,19.113021512836664,80.88697848716335,,DU_8
2024-09-11,43.698051720046784,56.301948279953216,,DU_8
2024-09-12,41.77866693180156,58.221333068198454,,DU_8
2024-09-13,51.32755944676807,48.67244055323192,,DU_8
2024-09-14,74.00013462296552,25.99986537703448,25.99986537703448,DU_8
2024-09-15,54.319337117533486,45.680662882466514,45.680662882466514,DU_8
2024-09-16,38.40333461141305,61.59666538858695,,DU_8
2024-09-17,58.91446394509956,41.085536054900444,,DU_8
2024-09-18,38.33828658840937,61.661713411590625,,DU_8
2024-09-19,20.821467586510714,79.17853241348928,,DU_8
2024-09-20,32.707389113579225,67.29261088642076,,DU_8
2024-09-21,29.44197519186972,70.55802480813026,70.55802480813026,DU_8
2024-09-22,34.053240544609146,65.94675945539086,65.94675945539086,DU_8
2024-09-23,27.932212599386517,72.06778740061348,,DU_8
2024-09-25,35.275674948121285,64.72432505187872,,DU_8
2024-09-26,44.26312157329255,55.73687842670745,,DU_8
2024-09-27,13.943174228456009,86.05682577154397,,DU_8
2024-09-28,31.31470368780916,68.68529631219086,68.68529631219086,DU_8
2024-09-29,29.158301318434027,70.841698681566,70.841698681566,DU_8
2024-09-30,41.62904835254931,58.37095164745069,,DU_8
2024-10-01,40.9422789727298,59.057721027270205,,DU_8
2024-10-04,29.42843812128762,70.57156187871237,,DU_8
2024-10-06,40.441640510796645,59.55835948920335,59.55835948920335,DU_8
2024-10-07,26.840907029874618,73.1590929701254,,DU_8
2024-10-09,41.26582121659161,58.73417878340839,,DU_8
2024-10-10,52.00918061880575,47.99081938119426,,DU_8
2024-10-11,56.475627993191594,43.52437200680841,,DU_8
2024-10-12,37.84589715158654,62.15410284841345,62.15410284841345,DU_8
2024-10-13,43.72703464995663,56.27296535004336,56.27296535004336,DU_8
2024-10-14,32.042225335162186,67.95777466483783,,DU_8
2024-10-15,16.722157530069058,83.27784246993095,,DU_8
2024-02-27,19.744651356045033,80.25534864395499,,DU_9
2024-03-01,9.583652966370604,90.41634703362938,,DU_9
2024-03-02,12.391102902542666,87.60889709745732,87.60889709745732,DU_9
2024-03-04,17.484215891668978,82.51578410833102,,DU_9
2024-03-05,19.280254395246676,80.71974560475331,,DU_9
2024-03-07,27.764798101228966,72.23520189877102,,DU_9
2024-03-08,22.412406346159944,77.58759365384005,,DU_9
2024-03-09,10.386871520236141,89.61312847976384,89.61312847976384,DU_9
2024-03-10,7.164062930173233,92.83593706982676,92.83593706982676,DU_9
2024-03-11,10.378969220142032,89.62103077985797,,DU_9
2024-03-12,10.44004029474337,89.5599597052566,,DU_9
2024-03-13,15.506203548732373,84.49379645126763,,DU_9
2024-03-14,20.256208912229535,79.74379108777046,,DU_9
2024-03-15,24.511061443246305,75.4889385567537,,DU_9
2024-03-16,26.722208316067235,73.27779168393273,73.27779168393273,DU_9
2024-03-17,23.81300252522898,76.18699747477102,76.18699747477102,DU_9
2024-03-19,29.855497574307115,70.1445024256929,,DU_9
2024-03-20,31.322833177278365,68.67716682272163,,DU_9
2024-03-21,37.83853148028143,62.16146851971857,,DU_9
2024-03-22,25.757873855798792,74.2421261442012,,DU_9
2024-03-23,23.648219735074477,76.35178026492555,76.35178026492555,DU_9
2024-03-24,28.573488697262974,71.42651130273703,71.42651130273703,DU_9
2024-03-25,38.63295740068152,61.36704259931847,,DU_9
2024-03-27,13.160152942934136,86.83984705706588,,DU_9
2024-03-28,7.73011510780469,92.26988489219532,,DU_9
2024-03-29,27.88513745422553,72.11486254577447,,DU_9
2024-04-01,16.25460381314111,83.7453961868589,,DU_9
2024-04-02,30.047016535368126,69.95298346463186,,DU_9
2024-04-03,26.69137741292875,73.30862258707126,,DU_9
2024-04-05,24.591623201874327,75.40837679812566,,DU_9
2024-04-06,31.203361385503353,68.79663861449664,68.79663861449664,DU_9
2024-04-07,13.519754529016092,86.48024547098392,86.48024547098392,DU_9
2024-04-08,33.72861340025821,66.27138659974177,,DU_9
2024-04-09,25.74170179049658,74.25829820950341,,DU_9
2024-04-10,25.757326681318833,74.24267331868116,,DU_9
2024-04-11,35.9571035246711,64.04289647532892,,DU_9
2024-04-12,25.830076916724394,74.16992308327558,,DU_9
2024-04-13,29.590096706202345,70.40990329379764,70.40990329379764,DU_9
2024-04-14,35.017479657556244,64.98252034244376,64.98252034244376,DU_9
2024-04-16,36.72701039928678,63.272989600713224,,DU_9
2024-04-18,36.86748347275717,63.13251652724282,,DU_9
2024-04-19,31.17990939738314,68.82009060261686,,DU_9
2024-04-21,18.496209812404054,81.50379018759595,81.50379018759595,DU_9
2024-04-22,36.646080256724645,63.35391974327537,,DU_9
2024-04-23,24.377145002290597,75.6228549977094,,DU_9
2024-04-24,23.042103436143098,76.95789656385692,,DU_9
2024-04-25,32.03915054920298,67.960849450797,,DU_9
2024-04-26,11.12087621357051,88.87912378642949,,DU_9
2024-04-27,28.679463046929587,71.32053695307043,71.32053695307043,DU_9
2024-04-28,33.56508279714413,66.43491720285589,66.43491720285589,DU_9
2024-04-29,35.44191123055223,64.55808876944775,,DU_9
2024-04-30,42.22497509003286,57.77502490996711,,DU_9
2024-05-01,31.11367413131954,68.88632586868046,,DU_9
2024-05-04,18.02695376916807,81.97304623083193,81.97304623083193,DU_9
2024-05-05,29.658726793571567,70.34127320642844,70.34127320642844,DU_9
2024-05-06,20.932061250628283,79.0679387493717,,DU_9
2024-05-07,31.84568099380492,68.15431900619508,,DU_9
2024-05-09,34.54377799875425,65.45622200124573,,DU_9
2024-05-10,24.785713308853197,75.21428669114681,,DU_9
2024-05-11,31.089890808243943,68.91010919175606,68.91010919175606,DU_9
2024-05-12,28.016998003880705,71.9830019961193,71.9830019961193,DU_9
2024-05-13,36.55526822255087,63.44473177744913,,DU_9
2024-05-14,38.92717595390677,61.072824046093245,,DU_9
2024-05-16,35.83351065187972,64.1664893481203,,DU_9
2024-05-17,20.18735117413277,79.81264882586721,,DU_9
2024-05-18,29.89059351471376,70.10940648528626,70.10940648528626,DU_9
2024-05-21,30.197837126946276,69.80216287305375,,DU_9
2024-05-22,33.39265571635409,66.60734428364592,,DU_9
2024-05-23,36.67042206100277,63.32957793899724,,DU_9
2024-05-24,32.03257579181141,67.96742420818856,,DU_9
2024-05-25,25.643011878872287,74.3569881211277,74.3569881211277,DU_9
2024-05-26,37.64914074960862,62.35085925039139,62.35085925039139,DU_9
2024-05-27,33.30340881786477,66.69659118213522,,DU_9
2024-05-28,38.89820120558187,61.10179879441813,,DU_9
2024-05-29,27.09452019344359,72.9054798065564,,DU_9
2024-05-30,34.28717431505319,65.7128256849468,,DU_9
2024-05-31,23.20391361000676,76.79608638999323,,DU_9
2024-06-01,31.483747160608427,68.51625283939158,68.51625283939158,DU_9
2024-06-02,23.434713087399224,76.56528691260075,76.56528691260075,DU_9
2024-06-03,42.97396360856639,57.0260363914336,,DU_9
2024-06-04,44.81077615787618,55.18922384212384,,DU_9
2024-06-05,47.96312143821668,52.03687856178332,,DU_9
2024-06-06,44.28858530887121,55.711414691128795,,DU_9
2024-06-07,50.48020171602927,49.51979828397074,,DU_9
2024-06-08,38.6385560209963,61.3614439790037,61.3614439790037,DU_9
2024-06-09,43.89472754711493,56.10527245288508,56.10527245288508,DU_9
2024-06-10,38.675064566209926,61.324935433790074,,DU_9
2024-06-11,33.325288103584036,66.67471189641596,,DU_9
2024-06-12,56.33906005857297,43.660939941427046,,DU_9
2024-06-13,53.40639647144446,46.59360352855554,,DU_9
2024-06-14,53.690582285417875,46.30941771458212,,DU_9
2024-06-15,30.189381479099353,69.81061852090065,69.81061852090065,DU_9
2024-06-16,31.341745796295573,68.65825420370442,68.65825420370442,DU_9
2024-06-17,66.13130893367182,33.86869106632817,,DU_9
2024-06-18,68.75402235096267,31.245977649037343,,DU_9
2024-06-19,58.8850121454424,41.1149878545576,,DU_9
2024-06-20,56.6642434102434,43.3357565897566,,DU_9
2024-06-21,29.410573438165404,70.58942656183459,,DU_9
2024-06-22,45.190358254175074,54.80964174582495,54.80964174582495,DU_9
2024-06-23,37.214402404396026,62.78559759560398,62.78559759560398,DU_9
2024-06-25,57.98865367689064,42.011346323109365,,DU_9
2024-06-26,62.88731695985598,37.11268304014402,,DU_9
2024-06-27,48.79021218856025,51.20978781143977,,DU_9
2024-06-28,30.120181553068935,69.87981844693107,,DU_9
2024-06-29,41.02036064738891,58.97963935261108,58.97963935261108,DU_9
2024-06-30,45.11571474784966,54.88428525215034,54.88428525215034,DU_9
2024-07-01,49.74908946851489,50.25091053148512,,DU_9
2024-07-02,52.67071344354871,47.3292865564513,,DU_9
2024-07-03,53.26049627514211,46.739503724857876,,DU_9
2024-07-04,48.21457943712986,51.785420562870144,,DU_9
2024-07-07,61.37944100112327,38.62055899887673,38.62055899887673,DU_9
2024-07-08,51.053933905697,48.946066094303006,,DU_9
2024-07-09,66.83040177930167,33.169598220698326,,DU_9
2024-07-10,66.09036313443733,33.90963686556267,,DU_9
2024-07-11,63.6472957670656,36.352704232934386,,DU_9
2024-07-12,58.70848702106402,41.29151297893597,,DU_9
2024-07-13,51.740792966490105,48.25920703350987,48.25920703350987,DU_9
2024-07-14,24.285780236721138,75.71421976327886,75.71421976327886,DU_9
2024-07-15,28.078741304090183,71.92125869590983,,DU_9
2024-07-16,33.917709942726084,66.08229005727392,,DU_9
2024-07-17,57.72951166545705,42.27048833454294,,DU_9
2024-07-18,48.63309839639308,51.366901603606905,,DU_9
2024-07-19,49.371934756500174,50.62806524349982,,DU_9
2024-07-20,29.382198444570722,70.6178015554293,70.6178015554293,DU_9
2024-07-21,39.074743783775254,60.92525621622473,60.92525621622473,DU_9
2024-09-04,43.90393610957112,56.09606389042888,,DU_9
2024-09-05,35.02647123759235,64.97352876240768,,DU_9
2024-09-06,38.789987081223295,61.2100129187767,,DU_9
2024-09-07,39.51547698462044,60.48452301537958,60.48452301537958,DU_9
2024-09-08,28.15516905023296,71.84483094976706,71.84483094976706,DU_9
2024-09-09,24.343341326986597,75.6566586730134,,DU_9
2024-09-10,30.337934374507984,69.66206562549203,,DU_9
2024-09-11,28.357119623651723,71.64288037634829,,DU_9
2024-09-12,36.432703480063395,63.5672965199366,,DU_9
2024-09-13,20.210076875616373,79.78992312438362,,DU_9
2024-09-14,33.9333445781698,66.0666554218302,66.0666554218302,DU_9
2024-09-15,34.24164168972143,65.75835831027857,65.75835831027857,DU_9
2024-09-16,30.503000439826845,69.49699956017315,,DU_9
2024-09-17,27.67565205698047,72.32434794301955,,DU_9
2024-09-20,26.331893904538617,73.66810609546138,,DU_9
2024-09-21,31.207356164750188,68.7926438352498,68.7926438352498,DU_9
2024-09-22,35.19221906758877,64.80778093241122,64.80778093241122,DU_9
2024-09-23,28.493875579278953,71.50612442072104,,DU_9
2024-09-24,30.670337488868032,69.32966251113196,,DU_9
2024-09-26,32.76554321226824,67.23445678773176,,DU_9
2024-09-27,23.653769329771045,76.34623067022895,,DU_9
2024-09-28,29.895173652917638,70.10482634708235,70.10482634708235,DU_9
2024-09-29,28.639141603621958,71.36085839637803,71.36085839637803,DU_9
2024-09-30,26.06796544770852,73.93203455229148,,DU_9
2024-10-01,35.51464845559705,64.48535154440295,,DU_9
2024-10-02,40.66769442481725,59.33230557518275,,DU_9
2024-10-03,26.856113448111312,73.14388655188868,,DU_9
2024-10-05,17.98050624632954,82.01949375367047,82.01949375367047,DU_9
2024-10-06,22.192057190426468,77.80794280957353,77.80794280957353,DU_9
2024-10-08,19.138608423232505,80.86139157676749,,DU_9
2024-10-09,20.47353115816485,79.52646884183513,,DU_9
2024-10-10,33.84394983868769,66.15605016131231,,DU_9
2024-10-12,28.590028584596993,71.40997141540298,71.40997141540298,DU_9
2024-10-13,26.93749327184652,73.06250672815347,73.06250672815347,DU_9
2024-10-14,29.006806538059514,70.99319346194048,,DU_9
2024-02-15,25.74250825082508,74.25749174917492,,DU_10
2024-02-16,37.04065222012254,62.95934777987746,,DU_10
2024-02-17,37.49301796066251,62.50698203933749,62.50698203933749,DU_10
2024-02-18,42.15915729988071,57.840842700119296,57.840842700119296,DU_10
2024-02-19,44.90913972637587,55.090860273624145,,DU_10
2024-02-20,34.4162630966225,65.58373690337751,,DU_10
2024-02-21,29.913436958042844,70.08656304195716,,DU_10
2024-02-22,23.064507396363787,76.93549260363622,,DU_10
2024-02-23,36.35113255378739,63.64886744621262,,DU_10
2024-02-24,33.001484297139946,66.99851570286005,66.99851570286005,DU_10
2024-02-25,34.694091250585835,65.30590874941417,65.30590874941417,DU_10
2024-02-26,31.78025234776885,68.21974765223115,,DU_10
2024-02-27,35.983456256876245,64.01654374312375,,DU_10
2024-02-28,45.866769394491044,54.133230605508956,,DU_10
2024-02-29,38.98727388322376,61.012726116776214,,DU_10
2024-03-01,52.34868663746369,47.65131336253631,,DU_10
2024-03-02,45.315105421128685,54.684894578871315,54.684894578871315,DU_10
2024-03-03,27.769311341192243,72.23068865880775,72.23068865880775,DU_10
2024-03-04,29.876959099435197,70.1230409005648,,DU_10
2024-03-05,32.64725463437705,67.35274536562297,,DU_10
2024-03-06,42.67464856327348,57.325351436726535,,DU_10
2024-03-07,20.397330819778045,79.60266918022195,,DU_10
2024-03-08,41.66919515103745,58.330804848962536,,DU_10
2024-03-09,28.955164957497708,71.0448350425023,71.0448350425023,DU_10
2024-03-10,50.49815945808645,49.50184054191355,49.50184054191355,DU_10
2024-03-11,28.767808319843287,71.23219168015672,,DU_10
2024-03-12,58.30811288561863,41.69188711438137,,DU_10
2024-03-13,46.32018243972127,53.67981756027873,,DU_10
2024-03-14,21.07763793070882,78.92236206929118,,DU_10
2024-03-15,48.46141522907841,51.53858477092158,,DU_10
2024-03-16,22.685241773542074,77.31475822645794,77.31475822645794,DU_10
2024-03-17,51.07430704052383,48.92569295947619,48.92569295947619,DU_10
2024-03-18,22.0018298012727,77.99817019872731,,DU_10
2024-03-19,31.769984578587252,68.23001542141276,,DU_10
2024-03-20,40.354659522025955,59.64534047797405,,DU_10
2024-03-21,25.515541895852927,74.48445810414705,,DU_10
2024-03-22,35.69217748400421,64.3078225159958,,DU_10
2024-03-23,38.90025145218571,61.09974854781428,61.09974854781428,DU_10
2024-03-24,26.137230454120658,73.86276954587935,73.86276954587935,DU_10
2024-03-25,46.691496957928116,53.30850304207186,,DU_10
2024-03-26,41.64218382285678,58.35781617714324,,DU_10
2024-03-27,33.105760793770514,66.89423920622949,,DU_10
2024-03-28,31.748248440821524,68.25175155917849,,DU_10
2024-03-29,66.25080599893887,33.74919400106112,,DU_10
2024-03-30,51.77220197828712,48.22779802171288,48.22779802171288,DU_10
2024-03-31,47.459221000134804,52.5407789998652,52.5407789998652,DU_10
2024-04-01,52.79524381115633,47.20475618884367,,DU_10
2024-04-02,26.82362339514978,73.17637660485022,,DU_10
2024-04-03,37.91061974513726,62.089380254862725,,DU_10
2024-04-04,34.52319851786887,65.47680148213114,,DU_10
2024-04-05,25.296516453449524,74.70348354655047,,DU_10
2024-04-06,23.834945242209173,76.16505475779083,76.16505475779083,DU_10
2024-04-07,27.086307348647786,72.9136926513522,72.9136926513522,DU_10
2024-04-08,39.288778055725174,60.711221944274826,,DU_10
2024-04-09,43.455300129868974,56.54469987013103,,DU_10
2024-04-10,52.516749914962965,47.48325008503703,,DU_10
2024-04-11,38.60286782952396,61.397132170476056,,DU_10
2024-04-12,65.89284328921153,34.107156710788466,,DU_10
2024-04-13,72.02235249132124,27.97764750867875,27.97764750867875,DU_10
2024-04-14,79.32456659289312,20.675433407106887,20.675433407106887,DU_10
2024-04-15,62.645005814134144,37.35499418586585,,DU_10
2024-04-16,48.76214801853367,51.237851981466335,,DU_10
2024-04-17,44.00100115059096,55.99899884940904,,DU_10
2024-04-18,30.218733854939384,69.78126614506061,,DU_10
2024-04-19,42.55181699464454,57.44818300535547,,DU_10
2024-04-20,52.398754758942765,47.60124524105724,47.60124524105724,DU_10
2024-04-21,44.293829440446835,55.70617055955318,55.70617055955318,DU_10
2024-04-22,49.477976600406635,50.52202339959335,,DU_10
2024-04-23,39.23712645136816,60.762873548631845,,DU_10
2024-04-24,32.46124189767669,67.53875810232331,,DU_10
2024-04-25,34.41423977704246,65.58576022295753,,DU_10
2024-04-26,49.06362160840389,50.936378391596115,,DU_10
2024-04-27,49.5271648964338,50.4728351035662,50.4728351035662,DU_10
2024-04-28,39.06463289949985,60.93536710050016,60.93536710050016,DU_10
2024-04-29,35.77605576067312,64.2239442393269,,DU_10
2024-04-30,59.94248519236638,40.05751480763362,,DU_10
2024-05-01,40.850698304797604,59.149301695202396,,DU_10
2024-05-02,31.409105009335512,68.59089499066448,,DU_10
2024-05-03,38.432911986474686,61.56708801352533,,DU_10
2024-05-04,62.03310110300207,37.96689889699793,37.96689889699793,DU_10
2024-05-05,36.288024915789805,63.711975084210195,63.711975084210195,DU_10
2024-05-06,41.36618278702785,58.63381721297216,,DU_10
2024-05-07,43.968025824030526,56.031974175969445,,DU_10
2024-05-08,71.9731685593409,28.0268314406591,,DU_10
2024-05-09,31.17758749222589,68.82241250777412,,DU_10
2024-05-10,70.01102535832415,29.98897464167586,,DU_10
2024-05-11,67.1786550854763,32.82134491452372,32.82134491452372,DU_10
2024-05-12,39.090368449343586,60.90963155065643,60.90963155065643,DU_10
2024-05-13,53.23918920002887,46.76081079997112,,DU_10
2024-05-14,43.113570022786824,56.88642997721317,,DU_10
2024-05-15,45.385183153331255,54.614816846668745,,DU_10
2024-05-16,39.57867460169095,60.421325398309044,,DU_10
2024-05-17,61.30363430062966,38.69636569937035,,DU_10
2024-05-18,57.372449739658336,42.62755026034166,42.62755026034166,DU_10
2024-05-19,60.15590925002014,39.84409074997986,39.84409074997986,DU_10
2024-05-20,63.00404978537063,36.99595021462937,,DU_10
2024-05-21,34.43934753289487,65.56065246710513,,DU_10
2024-05-22,47.910242541645964,52.08975745835402,,DU_10
2024-05-23,39.85435740571923,60.14564259428079,,DU_10
2024-05-24,66.50556613582721,33.49443386417279,,DU_10
2024-05-25,19.74050046339203,80.25949953660798,80.25949953660798,DU_10
2024-05-26,55.35524975972833,44.64475024027166,44.64475024027166,DU_10
2024-05-27,39.937041108735876,60.06295889126411,,DU_10
2024-05-28,52.24998118893617,47.750018811063825,,DU_10
2024-05-29,48.56095356078615,51.439046439213854,,DU_10
2024-05-30,31.23793212975337,68.76206787024664,,DU_10
2024-05-31,51.388213220447994,48.611786779552,,DU_10
2024-06-01,48.27549935172903,51.724500648270975,51.724500648270975,DU_10
2024-06-02,43.54837008886412,56.45162991113588,56.45162991113588,DU_10
2024-06-03,40.87422682513576,59.12577317486426,,DU_10
2024-06-04,55.32506849115689,44.67493150884311,,DU_10
2024-06-05,43.98360536356185,56.01639463643816,,DU_10
2024-06-06,30.22387988560534,69.77612011439466,,DU_10
2024-06-07,46.97192538798365,53.028074612016354,,DU_10
2024-06-08,52.24791927834803,47.752080721651964,47.752080721651964,DU_10
2024-06-09,55.01903020641677,44.98096979358323,44.98096979358323,DU_10
2024-06-10,48.94722930056293,51.05277069943707,,DU_10
2024-06-11,48.849926100915134,51.15007389908486,,DU_10
2024-06-12,41.39312571958973,58.60687428041027,,DU_10
2024-06-13,36.30508165795147,63.69491834204853,,DU_10
2024-06-14,52.16332380714389,47.836676192856096,,DU_10
2024-06-15,46.97273832181091,53.027261678189085,53.027261678189085,DU_10
2024-06-16,48.10116789700658,51.89883210299341,51.89883210299341,DU_10
2024-06-17,49.024776780518685,50.97522321948127,,DU_10
2024-06-18,49.0365240329443,50.96347596705569,,DU_10
2024-06-19,36.98469735393332,63.015302646066665,,DU_10
2024-06-20,13.295971399652757,86.70402860034724,,DU_10
2024-06-22,31.16890088753534,68.83109911246467,68.83109911246467,DU_10
2024-06-23,49.84242742549439,50.15757257450559,50.15757257450559,DU_10
2024-06-26,48.424269364249845,51.57573063575017,,DU_10
2024-06-27,43.79309900603606,56.206900993963934,,DU_10
2024-06-28,36.901359779208725,63.09864022079127,,DU_10
2024-06-29,27.921203236106727,72.07879676389327,72.07879676389327,DU_10
2024-06-30,26.029549060091256,73.97045093990874,73.97045093990874,DU_10
2024-07-01,25.314498654192054,74.68550134580796,,DU_10
2024-07-02,36.44460456914552,63.55539543085449,,DU_10
2024-07-03,41.71925827592805,58.28074172407195,,DU_10
2024-07-04,32.7203914177955,67.2796085822045,,DU_10
2024-07-07,38.789445281065376,61.21055471893462,61.21055471893462,DU_10
2024-07-08,57.918280005418396,42.08171999458159,,DU_10
2024-07-09,23.16311199451796,76.83688800548205,,DU_10
2024-07-10,26.28447594766709,73.71552405233291,,DU_10
2024-07-11,25.84208673552995,74.15791326447007,,DU_10
2024-07-12,28.655651424970507,71.34434857502949,,DU_10
2024-07-13,32.13632695321147,67.86367304678855,67.86367304678855,DU_10
2024-07-14,21.937820220856025,78.06217977914397,78.06217977914397,DU_10
2024-07-15,19.63153689433277,80.36846310566723,,DU_10
2024-07-16,28.967336453430935,71.03266354656905,,DU_10
2024-07-18,21.090982885286998,78.909017114713,,DU_10
2024-07-20,23.49775197952241,76.5022480204776,76.5022480204776,DU_10
2024-09-04,41.30718362833478,58.692816371665224,,DU_10
2024-09-05,31.909575280710733,68.09042471928927,,DU_10
2024-09-06,57.49925233966542,42.50074766033458,,DU_10
2024-09-07,40.38150333360082,59.61849666639919,59.61849666639919,DU_10
2024-09-09,28.862931325362627,71.13706867463738,,DU_10
2024-09-10,66.17776786382178,33.822232136178215,,DU_10
2024-09-11,67.7627433603851,32.2372566396149,,DU_10
2024-09-12,33.015832036734196,66.9841679632658,,DU_10
2024-09-13,42.399919674071455,57.60008032592855,,DU_10
2024-09-14,51.22511174773749,48.77488825226252,48.77488825226252,DU_10
2024-09-15,62.14563636350397,37.85436363649604,37.85436363649604,DU_10
2024-09-16,32.0120598143568,67.9879401856432,,DU_10
2024-09-18,32.334942002781666,67.66505799721834,,DU_10
2024-09-19,26.343267854834973,73.65673214516502,,DU_10
2024-09-20,67.18873402510698,32.811265974893,,DU_10
2024-09-21,44.4572984629467,55.5427015370533,55.5427015370533,DU_10
2024-09-22,48.19922293638428,51.80077706361572,51.80077706361572,DU_10
2024-09-23,32.909357259916156,67.09064274008382,,DU_10
2024-09-24,42.9209260839215,57.079073916078485,,DU_10
2024-09-25,49.47499667499343,50.52500332500658,,DU_10
2024-09-26,29.328087946480895,70.67191205351911,,DU_10
2024-09-27,40.83229201511203,59.16770798488798,,DU_10
2024-09-28,57.2454054753645,42.7545945246355,42.7545945246355,DU_10
2024-09-29,37.85649320859776,62.143506791402245,62.143506791402245,DU_10
2024-09-30,63.74344492984765,36.256555070152366,,DU_10
2024-10-01,41.54740772871546,58.452592271284544,,DU_10
2024-10-02,32.85429168708357,67.14570831291641,,DU_10
2024-10-03,26.23804486603682,73.76195513396317,,DU_10
2024-10-04,43.95896705558261,56.04103294441738,,DU_10
2024-10-05,45.80335425483599,54.196645745164005,54.196645745164005,DU_10
2024-10-06,65.70895424153532,34.29104575846468,34.29104575846468,DU_10
2024-10-07,49.504876249642564,50.49512375035743,,DU_10
2024-10-08,44.65264269886441,55.34735730113558,,DU_10
2024-10-09,57.925482629394075,42.07451737060591,,DU_10
2024-10-10,30.740731718321012,69.25926828167898,,DU_10
2024-10-11,42.25192411631736,57.74807588368264,,DU_10
2024-10-12,31.15090037070591,68.84909962929409,68.84909962929409,DU_10
2024-10-13,51.43667258268727,48.56332741731272,48.56332741731272,DU_10
2024-10-14,60.07818016274644,39.92181983725356,,DU_10
2024-10-15,36.3020890046202,63.6979109953798,,DU_10
